,feature name,rank
32,CKSAAGP_postivecharger.postivecharger.gap0,1
879,DDE_RR,1
1737,CKSAAP_LV.gap1,1
1725,CKSAAP_LF.gap1,1
145,CKSAAGP_alphaticr.alphaticr.gap5,1
2089,PAAC_Xc1.I,1
165,CKSAAGP_uncharger.alphaticr.gap5,1
135,CKSAAGP_negativecharger.alphaticr.gap4,1
325,CTDD_normwaalsvolume.3.residue25,1
1425,APAAC_Pc1.D,2
977,DDE_YP,3
2392,Z5__18,4
435,CTDT_charge.Tr1331,4
312,CTDD_hydrophobicity_FASG890101.3.residue75,6
282,CTDD_hydrophobicity_CASG920101.3.residue75,7
1224,GTPC_aromatic.uncharger.alphaticr,7
1161,GAAC_postivecharge,9
2415,Z5__41,10
2095,PAAC_Xc1.S,10
2342,MSW__7,12
2413,Z5__39,13
2197,QSO3_SC_F,14
315,CTDD_normwaalsvolume.1.residue25,15
799,DDE_MR,16
214,CTDD_hydrophobicity_PRAM900101.2.residue0,16
206,CTDC_solventaccess.G1,18
2296,Cougar__1,19
752,DDE_KI,21
267,CTDD_hydrophobicity_PONP930101.3.residue75,21
284,CTDD_hydrophobicity_ENGD860101.1.residue0,21
2276,ABHPRK__46,23
1921,CKSAAP_RR.gap2,23
159,CKSAAGP_postivecharger.uncharger.gap5,25
215,CTDD_hydrophobicity_PRAM900101.2.residue25,26
1443,APAAC_Pc2.Hydrophilicity.1,27
65,CKSAAGP_uncharger.alphaticr.gap1,28
2187,QSO3_SC_D,29
2269,ABHPRK__38,30
150,CKSAAGP_aromatic.alphaticr.gap5,30
304,CTDD_hydrophobicity_FASG890101.2.residue0,32
42,CKSAAGP_uncharger.postivecharger.gap0,33
1434,APAAC_Pc1.M,34
2288,ABHPRK__60,35
2329,Ez__16,36
149,CKSAAGP_alphaticr.uncharger.gap5,37
2374,Z3__18,38
1453,NMBroto_BHAR880101.lag3,39
2336,MSW__1,40
2255,ABHPRK__20,41
160,CKSAAGP_negativecharger.alphaticr.gap5,42
2353,MSW__18,42
2384,Z5__10,44
2279,ABHPRK__49,45
1452,NMBroto_BHAR880101.lag2,46
2416,Z5__42,47
2372,Z3__16,48
95,CKSAAGP_alphaticr.alphaticr.gap3,48
2111,DDR_H,50
13,AAC_F,51
324,CTDD_normwaalsvolume.3.residue0,52
2433,OVPC_Polar,53
123,CKSAAGP_alphaticr.negativecharger.gap4,54
2292,Argos,54
167,CKSAAGP_uncharger.postivecharger.gap5,56
2366,Z3__10,57
80,CKSAAGP_postivecharger.alphaticr.gap2,58
15,AAC_S,59
238,CTDD_hydrophobicity_ARGP820101.3.residue100,60
257,CTDD_hydrophobicity_PONP930101.1.residue75,61
224,CTDD_hydrophobicity_ARGP820101.1.residue0,62
350,CTDD_polarizability.2.residue25,63
263,CTDD_hydrophobicity_PONP930101.2.residue100,64
1275,GTPC_uncharger.uncharger.alphaticr,65
374,CTDD_secondarystruct.1.residue0,66
2385,Z5__11,67
279,CTDD_hydrophobicity_CASG920101.3.residue0,68
411,CTDT_hydrophobicity_ZIMJ680101.Tr1331,69
105,CKSAAGP_postivecharger.alphaticr.gap3,70
2274,ABHPRK__44,71
115,CKSAAGP_uncharger.alphaticr.gap3,72
281,CTDD_hydrophobicity_CASG920101.3.residue50,73
2406,Z5__32,73
2440,OVP_Aromatic_N1,75
2328,Ez__15,76
140,CKSAAGP_uncharger.alphaticr.gap4,77
2443,OVP_Polar_N1,77
2346,MSW__11,79
2326,Ez__13,80
9,AAC_I,81
275,CTDD_hydrophobicity_CASG920101.2.residue25,82
2237,Aliphatic_Index,83
1442,APAAC_Pc2.Hydrophobicity.1,84
19,AAC_V,84
425,CTDT_normwaalsvolume.Tr1221,86
379,CTDD_secondarystruct.2.residue0,86
2087,PAAC_Xc1.G,88
240,CTDD_hydrophobicity_ZIMJ680101.1.residue25,89
479,CTriad_g2.g2.g2,90
1466,NMBroto_CHAM810101.lag1,91
2418,Z5__44,92
2233,Charge_density,93
193,CTDC_normwaalsvolume.G3,94
2117,DDR_P,95
1445,APAAC_Pc2.Hydrophilicity.2,96
25,CKSAAGP_aromatic.alphaticr.gap0,97
2505,OVP_Aliphatic_C3,98
2389,Z5__15,99
2088,PAAC_Xc1.H,100
375,CTDD_secondarystruct.1.residue25,101
264,CTDD_hydrophobicity_PONP930101.3.residue0,102
1444,APAAC_Pc2.Hydrophobicity.2,103
418,CTDT_hydrophobicity_CASG920101.Tr2332,104
1459,NMBroto_CHAM820102.lag3,105
2373,Z3__17,106
408,CTDT_hydrophobicity_ARGP820101.Tr1331,107
2299,Cougar__4,107
261,CTDD_hydrophobicity_PONP930101.2.residue50,109
321,CTDD_normwaalsvolume.2.residue50,110
1457,NMBroto_CHAM820102.lag1,111
1471,NMBroto_DAYM780201.lag3,111
2232,Calculate_charge,113
373,CTDD_charge.3.residue100,113
310,CTDD_hydrophobicity_FASG890101.3.residue25,116
299,CTDD_hydrophobicity_FASG890101.1.residue0,116
2234,Isoelectric_point,116
20,CKSAAGP_alphaticr.alphaticr.gap0,118
380,CTDD_secondarystruct.2.residue25,119
319,CTDD_normwaalsvolume.2.residue0,119
441,CTDT_solventaccess.Tr1331,121
2427,Hopp_woods,122
2298,Cougar__3,123
2407,Z5__33,124
2330,Ez__17,125
46,CKSAAGP_alphaticr.aromatic.gap1,127
2321,Ez__8,127
2313,Cougar__18,127
109,CKSAAGP_postivecharger.uncharger.gap3,129
2268,ABHPRK__36,130
2098,PAAC_Xc1.Y,131
274,CTDD_hydrophobicity_CASG920101.2.residue0,132
184,CTDC_hydrophobicity_CASG920101.G3,132
90,CKSAAGP_uncharger.alphaticr.gap2,134
2419,Z5__45,135
2367,Z3__11,136
2280,ABHPRK__50,136
2410,Z5__36,138
54,CKSAAGP_aromatic.uncharger.gap1,139
339,CTDD_polarity.3.residue0,140
322,CTDD_normwaalsvolume.2.residue75,141
2400,Z5__26,142
2270,ABHPRK__39,143
1435,APAAC_Pc1.F,144
320,CTDD_normwaalsvolume.2.residue25,145
246,CTDD_hydrophobicity_ZIMJ680101.2.residue50,146
351,CTDD_polarizability.2.residue50,146
2354,Polarity,148
2435,OVPC_Aliphatic,149
2311,Cougar__16,150
1450,NMBroto_CIDH920105.lag3,151
287,CTDD_hydrophobicity_ENGD860101.1.residue75,153
1469,NMBroto_DAYM780201.lag1,153
1460,NMBroto_CHOC760101.lag1,153
348,CTDD_polarizability.1.residue100,155
2094,PAAC_Xc1.P,156
369,CTDD_charge.3.residue0,157
2185,QSO3_SC_R,157
2116,DDR_F,159
2356,TM_tend,160
1430,APAAC_Pc1.H,161
67,CKSAAGP_uncharger.postivecharger.gap1,162
2198,QSO3_SC_P,163
2395,Z5__21,163
349,CTDD_polarizability.2.residue0,165
2081,PAAC_Xc1.R,166
2396,Z5__22,167
2202,QSO3_SC_Y,168
173,CTDC_hydrophobicity_ARGP820101.G1,169
2331,Ez__18,169
45,CKSAAGP_alphaticr.alphaticr.gap1,171
1458,NMBroto_CHAM820102.lag2,171
44,CKSAAGP_uncharger.uncharger.gap0,173
242,CTDD_hydrophobicity_ZIMJ680101.1.residue75,174
438,CTDT_secondarystruct.Tr1331,174
2225,QSO3_SC2,176
230,CTDD_hydrophobicity_ARGP820101.2.residue25,177
388,CTDD_secondarystruct.3.residue100,178
2235,Instability_index,179
1436,APAAC_Pc1.P,180
273,CTDD_hydrophobicity_CASG920101.1.residue100,181
2260,ABHPRK__26,182
327,CTDD_normwaalsvolume.3.residue75,183
43,CKSAAGP_uncharger.negativecharger.gap0,184
2309,Cougar__14,185
2397,Z5__23,186
297,CTDD_hydrophobicity_ENGD860101.3.residue75,187
585,DDE_AA,188
172,CTDC_hydrophobicity_PRAM900101.G3,189
2324,Ez__11,190
1682,CKSAAP_FP.gap1,191
2341,MSW__6,192
378,CTDD_secondarystruct.1.residue100,193
1189,GTPC_alphaticr.alphaticr.alphaticr,193
244,CTDD_hydrophobicity_ZIMJ680101.2.residue0,195
2386,Z5__12,196
82,CKSAAGP_postivecharger.postivecharger.gap2,197
2390,Z5__16,198
84,CKSAAGP_postivecharger.uncharger.gap2,199
2337,MSW__2,200
2343,MSW__8,201
2388,Z5__14,202
180,CTDC_hydrophobicity_PONP930101.G2,204
423,CTDT_hydrophobicity_FASG890101.Tr1331,204
280,CTDD_hydrophobicity_CASG920101.3.residue25,204
155,CKSAAGP_postivecharger.alphaticr.gap5,206
40,CKSAAGP_uncharger.alphaticr.gap0,207
2297,Cougar__2,208
2371,Z3__15,208
2436,OVPC_Tiny,210
2327,Ez__14,211
2377,Z5__3,211
2315,Ez__2,213
2364,Z3__8,214
231,CTDD_hydrophobicity_ARGP820101.2.residue50,215
50,CKSAAGP_aromatic.alphaticr.gap1,216
2183,Shannon-Entropy,217
359,CTDD_charge.1.residue0,218
2193,QSO3_SC_I,219
2412,Z5__38,219
412,CTDT_hydrophobicity_ZIMJ680101.Tr2332,221
295,CTDD_hydrophobicity_ENGD860101.3.residue25,221
2090,PAAC_Xc1.L,223
2399,Z5__25,224
1,AAC_R,225
2344,MSW__9,226
653,DDE_EK,227
593,DDE_AK,227
326,CTDD_normwaalsvolume.3.residue50,229
772,DDE_LI,230
2360,Z3__4,242
779,DDE_LR,242
2359,Z3__3,242
94,CKSAAGP_uncharger.uncharger.gap2,242
2273,ABHPRK__42,242
156,CKSAAGP_postivecharger.aromatic.gap5,242
8,AAC_H,242
391,CTDD_solventaccess.1.residue50,242
2394,Z5__20,242
1446,APAAC_Pc2.Hydrophobicity.3,242
1431,APAAC_Pc1.I,242
401,CTDD_solventaccess.3.residue50,242
2105,DDR_N,242
939,DDE_VR,242
270,CTDD_hydrophobicity_CASG920101.1.residue25,242
266,CTDD_hydrophobicity_PONP930101.3.residue50,242
1454,NMBroto_CHAM820101.lag1,242
178,CTDC_hydrophobicity_ZIMJ680101.G3,242
2401,Z5__27,242
243,CTDD_hydrophobicity_ZIMJ680101.1.residue100,242
49,CKSAAGP_alphaticr.uncharger.gap1,242
220,CTDD_hydrophobicity_PRAM900101.3.residue25,242
2294,Charge_phys,242
170,CTDC_hydrophobicity_PRAM900101.G1,242
222,CTDD_hydrophobicity_PRAM900101.3.residue75,263
393,CTDD_solventaccess.1.residue100,263
221,CTDD_hydrophobicity_PRAM900101.3.residue50,263
2302,Cougar__7,263
317,CTDD_normwaalsvolume.1.residue75,263
2411,Z5__37,263
726,DDE_IC,263
213,CTDD_hydrophobicity_PRAM900101.1.residue100,263
416,CTDT_hydrophobicity_CASG920101.Tr1221,263
69,CKSAAGP_uncharger.uncharger.gap1,263
404,CTDT_hydrophobicity_PRAM900101.Tr1221,263
14,AAC_P,263
311,CTDD_hydrophobicity_FASG890101.3.residue50,263
63,CKSAAGP_negativecharger.negativecharger.gap1,263
2121,DDR_Y,263
1422,APAAC_Pc1.A,263
2325,Ez__12,263
2437,OVPC_Charged,306
2438,OVPC_Small,306
2351,MSW__16,306
110,CKSAAGP_negativecharger.alphaticr.gap3,306
1243,GTPC_postivecharger.uncharger.alphaticr,306
534,CTriad_g4.g1.g2,306
2381,Z5__7,306
2300,Cougar__5,306
2189,QSO3_SC_Q,306
188,CTDC_hydrophobicity_FASG890101.G1,306
1255,GTPC_negativecharger.uncharger.aromatic,306
392,CTDD_solventaccess.1.residue75,306
108,CKSAAGP_postivecharger.negativecharger.gap3,306
182,CTDC_hydrophobicity_CASG920101.G1,306
185,CTDC_hydrophobicity_ENGD860101.G1,306
2118,DDR_S,306
2093,PAAC_Xc1.F,306
1467,NMBroto_CHAM810101.lag2,306
367,CTDD_charge.2.residue75,306
2281,ABHPRK__51,306
2363,Z3__7,306
681,DDE_FT,306
381,CTDD_secondarystruct.2.residue50,306
1468,NMBroto_CHAM810101.lag3,306
509,CTriad_g3.g1.g5,306
656,DDE_EN,306
385,CTDD_secondarystruct.3.residue25,306
352,CTDD_polarizability.2.residue75,306
176,CTDC_hydrophobicity_ZIMJ680101.G1,306
386,CTDD_secondarystruct.3.residue50,306
2357,Z3__1,306
344,CTDD_polarizability.1.residue0,306
183,CTDC_hydrophobicity_CASG920101.G2,306
2365,Z3__9,306
402,CTDD_solventaccess.3.residue75,306
254,CTDD_hydrophobicity_PONP930101.1.residue0,306
2434,OVPC_Hydrophobic,306
56,CKSAAGP_postivecharger.aromatic.gap1,306
211,CTDD_hydrophobicity_PRAM900101.1.residue50,306
296,CTDD_hydrophobicity_ENGD860101.3.residue50,306
212,CTDD_hydrophobicity_PRAM900101.1.residue75,306
2391,Z5__17,306
437,CTDT_secondarystruct.Tr1221,306
700,DDE_GS,306
427,CTDT_normwaalsvolume.Tr2332,306
2249,ABHPRK__12,306
1447,APAAC_Pc2.Hydrophilicity.3,306
1448,NMBroto_CIDH920105.lag1,306
433,CTDT_polarizability.Tr2332,306
2345,MSW__10,306
2102,PAAC_Xc2.lambda3,306
229,CTDD_hydrophobicity_ARGP820101.2.residue0,306
239,CTDD_hydrophobicity_ZIMJ680101.1.residue0,306
2258,ABHPRK__24,306
210,CTDD_hydrophobicity_PRAM900101.1.residue25,306
2319,Ez__6,306
252,CTDD_hydrophobicity_ZIMJ680101.3.residue75,306
2350,MSW__15,306
2456,OVP_Tiny_N2,306
2339,MSW__4,306
309,CTDD_hydrophobicity_FASG890101.3.residue0,306
407,CTDT_hydrophobicity_ARGP820101.Tr1221,306
2414,Z5__40,306
1462,NMBroto_CHOC760101.lag3,306
2455,OVP_Aliphatic_N2,306
203,CTDC_secondarystruct.G1,306
249,CTDD_hydrophobicity_ZIMJ680101.3.residue0,306
204,CTDC_secondarystruct.G2,306
2191,QSO3_SC_G,306
417,CTDT_hydrophobicity_CASG920101.Tr1331,341
2110,DDR_G,353
2100,PAAC_Xc2.lambda1,353
361,CTDD_charge.1.residue50,353
1470,NMBroto_DAYM780201.lag2,353
2224,QSO3_SC1,353
371,CTDD_charge.3.residue50,353
2332,Flexibility,353
70,CKSAAGP_alphaticr.alphaticr.gap2,353
3,AAC_D,353
542,CTriad_g4.g3.g1,353
384,CTDD_secondarystruct.3.residue0,353
2423,formula_O,353
430,CTDT_polarity.Tr2332,353
219,CTDD_hydrophobicity_PRAM900101.3.residue0,353
288,CTDD_hydrophobicity_ENGD860101.1.residue100,353
420,CTDT_hydrophobicity_ENGD860101.Tr1331,353
2453,OVP_Polar_N2,353
2378,Z5__4,353
2307,Cougar__12,353
2109,DDR_E,353
318,CTDD_normwaalsvolume.1.residue100,353
225,CTDD_hydrophobicity_ARGP820101.1.residue25,353
1423,APAAC_Pc1.R,353
877,DDE_RP,368
870,DDE_RG,368
2301,Cougar__6,368
285,CTDD_hydrophobicity_ENGD860101.1.residue25,368
290,CTDD_hydrophobicity_ENGD860101.2.residue25,368
362,CTDD_charge.1.residue75,368
209,CTDD_hydrophobicity_PRAM900101.1.residue0,368
125,CKSAAGP_aromatic.alphaticr.gap4,368
370,CTDD_charge.3.residue25,451
925,DDE_VA,451
2250,ABHPRK__14,451
2444,OVP_Hydrophobic_N1,451
2244,ABHPRK__6,451
131,CKSAAGP_postivecharger.aromatic.gap4,451
130,CKSAAGP_postivecharger.alphaticr.gap4,451
2231,Calculate_mw,451
23,CKSAAGP_alphaticr.negativecharger.gap0,451
2222,QSO3_G_Y,451
1795,CKSAAP_VG.gap1,451
2442,OVP_Positive_N1,451
590,DDE_AG,451
591,DDE_AH,451
599,DDE_AR,451
1277,GTPC_uncharger.uncharger.postivecharger,451
1276,GTPC_uncharger.uncharger.aromatic,451
120,CKSAAGP_alphaticr.alphaticr.gap4,451
765,DDE_LA,451
2257,ABHPRK__23,451
2266,ABHPRK__34,451
147,CKSAAGP_alphaticr.postivecharger.gap5,451
2310,Cougar__15,451
197,CTDC_polarizability.G1,451
2306,Cougar__11,451
2303,Cougar__8,451
191,CTDC_normwaalsvolume.G1,451
189,CTDC_hydrophobicity_FASG890101.G2,451
187,CTDC_hydrophobicity_ENGD860101.G3,451
181,CTDC_hydrophobicity_PONP930101.G3,451
179,CTDC_hydrophobicity_PONP930101.G1,451
2194,QSO3_SC_L,451
18,AAC_Y,451
2425,Boman_Index,451
2426,Eisenberg,451
2428,Janin,451
514,CTriad_g3.g2.g4,451
2429,Kytedoolittle,451
522,CTriad_g3.g4.g1,451
2271,ABHPRK__40,451
22,CKSAAGP_alphaticr.postivecharger.gap0,451
152,CKSAAGP_aromatic.postivecharger.gap5,451
174,CTDC_hydrophobicity_ARGP820101.G2,451
119,CKSAAGP_uncharger.uncharger.gap3,451
1437,APAAC_Pc1.S,451
200,CTDC_charge.G1,451
718,DDE_HQ,451
74,CKSAAGP_alphaticr.uncharger.gap2,451
68,CKSAAGP_uncharger.negativecharger.gap1,451
2085,PAAC_Xc1.Q,451
2083,PAAC_Xc1.D,451
1193,GTPC_alphaticr.alphaticr.uncharger,451
1191,GTPC_alphaticr.alphaticr.postivecharger,451
790,DDE_MG,451
739,DDE_IR,451
1465,NMBroto_BIGC670101.lag3,451
782,DDE_LV,451
2499,OVP_Imino_acid_C2,451
47,CKSAAGP_alphaticr.postivecharger.gap1,451
2493,OVP_Polar_C2,451
753,DDE_KK,451
1159,GAAC_alphatic,451
1160,GAAC_aromatic,451
1667,CKSAAP_DL.gap1,451
773,DDE_LK,451
760,DDE_KS,451
745,DDE_KA,451
81,CKSAAGP_postivecharger.aromatic.gap2,451
1200,GTPC_alphaticr.postivecharger.aromatic,451
85,CKSAAGP_negativecharger.alphaticr.gap2,451
873,DDE_RK,451
872,DDE_RI,451
1257,GTPC_uncharger.alphaticr.alphaticr,451
107,CKSAAGP_postivecharger.postivecharger.gap3,451
28,CKSAAGP_aromatic.negativecharger.gap0,451
104,CKSAAGP_aromatic.uncharger.gap3,451
837,DDE_PP,451
1231,GTPC_postivecharger.alphaticr.postivecharger,451
1228,GTPC_aromatic.uncharger.uncharger,451
1995,CKSAAP_HL.gap3,451
674,DDE_FL,451
2361,Z3__5,451
683,DDE_FW,451
2122,DDR_V,451
2119,DDR_T,451
99,CKSAAGP_alphaticr.uncharger.gap3,451
97,CKSAAGP_alphaticr.postivecharger.gap3,451
96,CKSAAGP_alphaticr.aromatic.gap3,451
2108,DDR_Q,451
2103,DDR_A,451
1201,GTPC_alphaticr.postivecharger.postivecharger,451
2192,QSO3_SC_H,451
2312,Cougar__17,451
1674,CKSAAP_EL.gap1,451
421,CTDT_hydrophobicity_ENGD860101.Tr2332,451
294,CTDD_hydrophobicity_ENGD860101.3.residue0,451
415,CTDT_hydrophobicity_PONP930101.Tr2332,451
302,CTDD_hydrophobicity_FASG890101.1.residue75,451
2387,Z5__13,451
248,CTDD_hydrophobicity_ZIMJ680101.2.residue100,451
247,CTDD_hydrophobicity_ZIMJ680101.2.residue75,451
419,CTDT_hydrophobicity_ENGD860101.Tr1221,451
2334,Levitt_alpha,451
409,CTDT_hydrophobicity_ARGP820101.Tr2332,451
307,CTDD_hydrophobicity_FASG890101.2.residue75,451
308,CTDD_hydrophobicity_FASG890101.2.residue100,451
313,CTDD_hydrophobicity_FASG890101.3.residue100,451
2403,Z5__29,451
2404,Z5__30,451
2333,Gravy,451
250,CTDD_hydrophobicity_ZIMJ680101.3.residue25,451
422,CTDT_hydrophobicity_FASG890101.Tr1221,451
2340,MSW__5,451
2398,Z5__24,451
265,CTDD_hydrophobicity_PONP930101.3.residue25,451
271,CTDD_hydrophobicity_CASG920101.1.residue50,451
276,CTDD_hydrophobicity_CASG920101.2.residue50,451
277,CTDD_hydrophobicity_CASG920101.2.residue75,451
278,CTDD_hydrophobicity_CASG920101.2.residue100,451
431,CTDT_polarizability.Tr1221,451
442,CTDT_solventaccess.Tr2332,451
429,CTDT_polarity.Tr1331,451
2347,MSW__12,451
426,CTDT_normwaalsvolume.Tr1331,451
256,CTDD_hydrophobicity_PONP930101.1.residue50,451
2393,Z5__19,451
2348,MSW__13,451
289,CTDD_hydrophobicity_ENGD860101.2.residue0,451
235,CTDD_hydrophobicity_ARGP820101.3.residue25,451
403,CTDD_solventaccess.3.residue100,451
406,CTDT_hydrophobicity_PRAM900101.Tr2332,451
260,CTDD_hydrophobicity_PONP930101.2.residue25,451
2323,Ez__10,451
345,CTDD_polarizability.1.residue25,451
2320,Ez__7,451
965,DDE_YA,451
205,CTDC_secondarystruct.G3,451
360,CTDD_charge.1.residue25,451
341,CTDD_polarity.3.residue50,451
389,CTDD_solventaccess.1.residue0,451
363,CTDD_charge.1.residue100,451
2318,Ez__5,451
227,CTDD_hydrophobicity_ARGP820101.1.residue75,451
2370,Z3__14,451
335,CTDD_polarity.2.residue25,451
366,CTDD_charge.2.residue50,451
2316,Ez__3,451
316,CTDD_normwaalsvolume.1.residue50,451
323,CTDD_normwaalsvolume.2.residue100,451
376,CTDD_secondarystruct.1.residue50,451
399,CTDD_solventaccess.3.residue0,451
2362,Z3__6,451
2358,Z3__2,451
2352,MSW__17,451
2380,Z5__6,451
2408,Z5__34,451
2317,Ez__4,451
2379,Z5__5,451
122,CKSAAGP_alphaticr.postivecharger.gap4,553
436,CTDT_charge.Tr2332,553
761,DDE_KT,553
2368,Z3__12,553
1773,CKSAAP_RV.gap1,553
1432,APAAC_Pc1.L,553
2104,DDR_R,553
2184,QSO3_SC_A,553
400,CTDD_solventaccess.3.residue25,553
92,CKSAAGP_uncharger.postivecharger.gap2,553
10,AAC_L,553
439,CTDT_secondarystruct.Tr2332,553
2355,Refractivity,553
2003,CKSAAP_KF.gap3,553
1456,NMBroto_CHAM820101.lag3,553
353,CTDD_polarizability.2.residue100,553
2349,MSW__14,553
667,DDE_FD,553
413,CTDT_hydrophobicity_PONP930101.Tr1221,553
414,CTDT_hydrophobicity_PONP930101.Tr1331,553
300,CTDD_hydrophobicity_FASG890101.1.residue25,553
740,DDE_IS,553
784,DDE_LY,553
473,CTriad_g2.g1.g2,553
7,AAC_G,553
292,CTDD_hydrophobicity_ENGD860101.2.residue75,553
201,CTDC_charge.G2,553
2447,OVP_Charged_N1,553
259,CTDD_hydrophobicity_PONP930101.2.residue0,553
528,CTriad_g3.g5.g4,553
511,CTriad_g3.g2.g1,553
141,CKSAAGP_uncharger.aromatic.gap4,553
171,CTDC_hydrophobicity_PRAM900101.G2,553
139,CKSAAGP_negativecharger.uncharger.gap4,553
937,DDE_VP,553
253,CTDD_hydrophobicity_ZIMJ680101.3.residue100,553
258,CTDD_hydrophobicity_PONP930101.1.residue100,553
495,CTriad_g2.g5.g1,553
216,CTDD_hydrophobicity_PRAM900101.2.residue50,553
2322,Ez__9,553
489,CTriad_g2.g3.g6,553
2338,MSW__3,553
2446,OVP_Tiny_N1,553
202,CTDC_charge.G3,553
2304,Cougar__9,553
2420,formula_C,553
1679,CKSAAP_FG.gap1,1544
1711,CKSAAP_KA.gap1,1544
1710,CKSAAP_IT.gap1,1544
1709,CKSAAP_IS.gap1,1544
1708,CKSAAP_IP.gap1,1544
1707,CKSAAP_IN.gap1,1544
1851,CKSAAP_GC.gap2,1544
1830,CKSAAP_DA.gap2,1544
1706,CKSAAP_IL.gap1,1544
1831,CKSAAP_DF.gap2,1544
1677,CKSAAP_FA.gap1,1544
1705,CKSAAP_IK.gap1,1544
1678,CKSAAP_FE.gap1,1544
1704,CKSAAP_IG.gap1,1544
1703,CKSAAP_IF.gap1,1544
1849,CKSAAP_FW.gap2,1544
1832,CKSAAP_DG.gap2,1544
1829,CKSAAP_CT.gap2,1544
1712,CKSAAP_KC.gap1,1544
1713,CKSAAP_KG.gap1,1544
1702,CKSAAP_IA.gap1,1544
1726,CKSAAP_LG.gap1,1544
1440,APAAC_Pc1.Y,1544
1724,CKSAAP_LE.gap1,1544
1723,CKSAAP_LD.gap1,1544
1676,CKSAAP_EV.gap1,1544
1825,CKSAAP_CG.gap2,1544
1722,CKSAAP_LA.gap1,1544
1721,CKSAAP_KY.gap1,1544
1828,CKSAAP_CS.gap2,1544
1852,CKSAAP_GD.gap2,1544
1719,CKSAAP_KS.gap1,1544
1718,CKSAAP_KR.gap1,1544
1717,CKSAAP_KP.gap1,1544
1826,CKSAAP_CK.gap2,1544
1716,CKSAAP_KL.gap1,1544
1715,CKSAAP_KK.gap1,1544
1827,CKSAAP_CR.gap2,1544
1714,CKSAAP_KI.gap1,1544
1720,CKSAAP_KV.gap1,1544
1701,CKSAAP_GW.gap1,1544
1833,CKSAAP_DK.gap2,1544
1844,CKSAAP_FL.gap2,1544
1856,CKSAAP_GK.gap2,1544
1690,CKSAAP_GF.gap1,1544
1857,CKSAAP_GL.gap2,1544
1850,CKSAAP_GA.gap2,1544
1689,CKSAAP_GD.gap1,1544
1688,CKSAAP_GC.gap1,1544
1687,CKSAAP_GA.gap1,1544
1686,CKSAAP_FV.gap1,1544
1691,CKSAAP_GG.gap1,1544
1842,CKSAAP_FG.gap2,1544
1846,CKSAAP_FR.gap2,1544
1684,CKSAAP_FS.gap1,1544
1843,CKSAAP_FI.gap2,1544
1683,CKSAAP_FR.gap1,1544
1845,CKSAAP_FN.gap2,1544
1858,CKSAAP_GN.gap2,1544
1681,CKSAAP_FN.gap1,1544
1680,CKSAAP_FL.gap1,1544
1685,CKSAAP_FT.gap1,1544
1700,CKSAAP_GV.gap1,1544
1692,CKSAAP_GI.gap1,1544
1693,CKSAAP_GK.gap1,1544
1834,CKSAAP_DR.gap2,1544
1835,CKSAAP_DT.gap2,1544
1699,CKSAAP_GS.gap1,1544
1854,CKSAAP_GF.gap2,1544
1836,CKSAAP_EF.gap2,1544
1698,CKSAAP_GR.gap1,1544
1848,CKSAAP_FV.gap2,1544
1855,CKSAAP_GG.gap2,1544
1841,CKSAAP_FF.gap2,1544
1697,CKSAAP_GQ.gap1,1544
1696,CKSAAP_GP.gap1,1544
1695,CKSAAP_GN.gap1,1544
1838,CKSAAP_EK.gap2,1544
1449,NMBroto_CIDH920105.lag2,1544
1847,CKSAAP_FS.gap2,1544
1694,CKSAAP_GL.gap1,1544
1839,CKSAAP_ER.gap2,1544
1840,CKSAAP_FE.gap2,1544
1837,CKSAAP_EG.gap2,1544
1441,APAAC_Pc1.V,1544
1728,CKSAAP_LI.gap1,1544
1824,CKSAAP_AV.gap2,1544
1780,CKSAAP_SK.gap1,1544
1779,CKSAAP_SI.gap1,1544
1778,CKSAAP_SG.gap1,1544
1777,CKSAAP_SF.gap1,1544
1776,CKSAAP_SE.gap1,1544
1775,CKSAAP_SA.gap1,1544
1774,CKSAAP_RY.gap1,1544
1808,CKSAAP_YN.gap1,1544
1809,CKSAAP_YP.gap1,1544
1807,CKSAAP_YL.gap1,1544
1853,CKSAAP_GE.gap2,1544
1811,CKSAAP_YR.gap1,1544
1812,CKSAAP_AA.gap2,1544
1813,CKSAAP_AD.gap2,1544
1772,CKSAAP_RS.gap1,1544
1771,CKSAAP_RR.gap1,1544
1814,CKSAAP_AF.gap2,1544
1770,CKSAAP_RQ.gap1,1544
1815,CKSAAP_AG.gap2,1544
1769,CKSAAP_RP.gap1,1544
1810,CKSAAP_YQ.gap1,1544
1806,CKSAAP_YG.gap1,1544
1781,CKSAAP_SL.gap1,1544
1782,CKSAAP_SN.gap1,1544
1801,CKSAAP_VS.gap1,1544
1802,CKSAAP_VT.gap1,1544
1800,CKSAAP_VR.gap1,1544
1803,CKSAAP_WP.gap1,1544
1798,CKSAAP_VL.gap1,1544
1797,CKSAAP_VK.gap1,1544
1796,CKSAAP_VI.gap1,1544
1804,CKSAAP_YE.gap1,1544
1805,CKSAAP_YF.gap1,1544
1794,CKSAAP_TT.gap1,1544
1793,CKSAAP_TS.gap1,1544
1792,CKSAAP_TR.gap1,1544
1791,CKSAAP_TN.gap1,1544
1790,CKSAAP_TL.gap1,1544
1789,CKSAAP_TE.gap1,1544
1788,CKSAAP_TA.gap1,1544
1787,CKSAAP_SY.gap1,1544
1786,CKSAAP_SV.gap1,1544
1785,CKSAAP_SS.gap1,1544
1784,CKSAAP_SR.gap1,1544
1783,CKSAAP_SP.gap1,1544
1438,APAAC_Pc1.T,1544
1727,CKSAAP_LH.gap1,1544
1768,CKSAAP_RL.gap1,1544
1766,CKSAAP_RG.gap1,1544
1744,CKSAAP_NP.gap1,1544
1743,CKSAAP_NL.gap1,1544
1742,CKSAAP_NK.gap1,1544
1741,CKSAAP_NG.gap1,1544
1740,CKSAAP_NF.gap1,1544
1739,CKSAAP_NA.gap1,1544
1738,CKSAAP_MF.gap1,1544
1819,CKSAAP_AN.gap2,1544
1820,CKSAAP_AP.gap2,1544
1745,CKSAAP_NR.gap1,1544
1736,CKSAAP_LT.gap1,1544
1734,CKSAAP_LR.gap1,1544
1733,CKSAAP_LQ.gap1,1544
1821,CKSAAP_AR.gap2,1544
1732,CKSAAP_LP.gap1,1544
1822,CKSAAP_AS.gap2,1544
1731,CKSAAP_LN.gap1,1544
1730,CKSAAP_LL.gap1,1544
1823,CKSAAP_AT.gap2,1544
1729,CKSAAP_LK.gap1,1544
1735,CKSAAP_LS.gap1,1544
1746,CKSAAP_NV.gap1,1544
1747,CKSAAP_PA.gap1,1544
1748,CKSAAP_PF.gap1,1544
1816,CKSAAP_AI.gap2,1544
1817,CKSAAP_AK.gap2,1544
1765,CKSAAP_RF.gap1,1544
1439,APAAC_Pc1.W,1544
1764,CKSAAP_RC.gap1,1544
1763,CKSAAP_RA.gap1,1544
1762,CKSAAP_QR.gap1,1544
1761,CKSAAP_QL.gap1,1544
1760,CKSAAP_QK.gap1,1544
1759,CKSAAP_PW.gap1,1544
1758,CKSAAP_PV.gap1,1544
1757,CKSAAP_PT.gap1,1544
1756,CKSAAP_PS.gap1,1544
1755,CKSAAP_PR.gap1,1544
1818,CKSAAP_AL.gap2,1544
1754,CKSAAP_PP.gap1,1544
1753,CKSAAP_PN.gap1,1544
1752,CKSAAP_PL.gap1,1544
1751,CKSAAP_PK.gap1,1544
1750,CKSAAP_PI.gap1,1544
1749,CKSAAP_PG.gap1,1544
1767,CKSAAP_RK.gap1,1544
1799,CKSAAP_VP.gap1,1544
1627,CKSAAP_TP.gap0,1544
1673,CKSAAP_EG.gap1,1544
1562,CKSAAP_LP.gap0,1544
1561,CKSAAP_LN.gap0,1544
1560,CKSAAP_LM.gap0,1544
1559,CKSAAP_LL.gap0,1544
1558,CKSAAP_LK.gap0,1544
1557,CKSAAP_LI.gap0,1544
1490,CKSAAP_CT.gap0,1544
1491,CKSAAP_CY.gap0,1544
1556,CKSAAP_LG.gap0,1544
1555,CKSAAP_LF.gap0,1544
1563,CKSAAP_LQ.gap0,1544
1554,CKSAAP_LD.gap0,1544
1552,CKSAAP_KV.gap0,1544
1551,CKSAAP_KT.gap0,1544
1492,CKSAAP_DA.gap0,1544
1550,CKSAAP_KR.gap0,1544
1549,CKSAAP_KP.gap0,1544
1548,CKSAAP_KN.gap0,1544
1547,CKSAAP_KL.gap0,1544
1546,CKSAAP_KK.gap0,1544
1545,CKSAAP_KI.gap0,1544
1544,CKSAAP_KG.gap0,1544
1553,CKSAAP_LA.gap0,1544
1543,CKSAAP_KE.gap0,1544
1564,CKSAAP_LR.gap0,1544
1566,CKSAAP_LT.gap0,1544
1483,CKSAAP_AS.gap0,1544
1581,CKSAAP_PL.gap0,1544
1484,CKSAAP_AV.gap0,1544
1580,CKSAAP_PK.gap0,1544
1485,CKSAAP_CA.gap0,1544
1579,CKSAAP_PI.gap0,1544
1486,CKSAAP_CG.gap0,1544
1578,CKSAAP_PG.gap0,1544
1577,CKSAAP_PF.gap0,1544
1487,CKSAAP_CK.gap0,1544
1565,CKSAAP_LS.gap0,1544
1576,CKSAAP_PE.gap0,1544
1574,CKSAAP_NS.gap0,1544
1573,CKSAAP_NR.gap0,1544
1572,CKSAAP_NL.gap0,1544
1488,CKSAAP_CP.gap0,1544
1571,CKSAAP_NG.gap0,1544
1570,CKSAAP_NF.gap0,1544
1569,CKSAAP_NA.gap0,1544
1568,CKSAAP_MR.gap0,1544
1567,CKSAAP_LV.gap0,1544
1489,CKSAAP_CS.gap0,1544
1575,CKSAAP_PA.gap0,1544
1482,CKSAAP_AR.gap0,1544
1542,CKSAAP_KC.gap0,1544
1540,CKSAAP_IS.gap0,1544
1518,CKSAAP_GE.gap0,1544
1517,CKSAAP_GC.gap0,1544
1516,CKSAAP_GA.gap0,1544
1498,CKSAAP_DV.gap0,1544
1514,CKSAAP_FT.gap0,1544
1499,CKSAAP_ED.gap0,1544
1500,CKSAAP_EE.gap0,1544
1859,CKSAAP_GP.gap2,1544
1513,CKSAAP_FS.gap0,1544
1512,CKSAAP_FR.gap0,1544
1519,CKSAAP_GF.gap0,1544
1501,CKSAAP_EK.gap0,1544
1502,CKSAAP_EL.gap0,1544
1503,CKSAAP_EN.gap0,1544
1504,CKSAAP_ES.gap0,1544
1510,CKSAAP_FL.gap0,1544
1433,APAAC_Pc1.K,1544
1505,CKSAAP_EV.gap0,1544
1506,CKSAAP_FC.gap0,1544
1507,CKSAAP_FF.gap0,1544
1508,CKSAAP_FG.gap0,1544
1509,CKSAAP_FK.gap0,1544
1511,CKSAAP_FP.gap0,1544
1541,CKSAAP_KA.gap0,1544
1520,CKSAAP_GG.gap0,1544
1522,CKSAAP_GK.gap0,1544
1539,CKSAAP_IR.gap0,1544
1538,CKSAAP_IP.gap0,1544
1537,CKSAAP_IL.gap0,1544
1536,CKSAAP_IK.gap0,1544
1535,CKSAAP_II.gap0,1544
1493,CKSAAP_DF.gap0,1544
1534,CKSAAP_IG.gap0,1544
1494,CKSAAP_DG.gap0,1544
1533,CKSAAP_IC.gap0,1544
1532,CKSAAP_IA.gap0,1544
1521,CKSAAP_GI.gap0,1544
1531,CKSAAP_HS.gap0,1544
1529,CKSAAP_GV.gap0,1544
1495,CKSAAP_DL.gap0,1544
1528,CKSAAP_GT.gap0,1544
1496,CKSAAP_DP.gap0,1544
1497,CKSAAP_DS.gap0,1544
1527,CKSAAP_GS.gap0,1544
1526,CKSAAP_GR.gap0,1544
1525,CKSAAP_GP.gap0,1544
1524,CKSAAP_GM.gap0,1544
1523,CKSAAP_GL.gap0,1544
1530,CKSAAP_GY.gap0,1544
1582,CKSAAP_PP.gap0,1544
1583,CKSAAP_PR.gap0,1544
1584,CKSAAP_PS.gap0,1544
1647,CKSAAP_AC.gap1,1544
1461,NMBroto_CHOC760101.lag2,1544
1463,NMBroto_BIGC670101.lag1,1544
1646,CKSAAP_AA.gap1,1544
1645,CKSAAP_YS.gap0,1544
1464,NMBroto_BIGC670101.lag2,1544
1644,CKSAAP_YR.gap0,1544
1472,CKSAAP_AA.gap0,1544
1643,CKSAAP_YP.gap0,1544
1473,CKSAAP_AE.gap0,1544
1648,CKSAAP_AD.gap1,1544
1474,CKSAAP_AF.gap0,1544
1641,CKSAAP_YI.gap0,1544
1475,CKSAAP_AG.gap0,1544
1640,CKSAAP_YG.gap0,1544
1639,CKSAAP_YA.gap0,1544
1638,CKSAAP_WG.gap0,1544
1637,CKSAAP_VV.gap0,1544
1476,CKSAAP_AI.gap0,1544
1477,CKSAAP_AK.gap0,1544
1636,CKSAAP_VS.gap0,1544
1478,CKSAAP_AL.gap0,1544
1642,CKSAAP_YL.gap0,1544
1635,CKSAAP_VR.gap0,1544
1649,CKSAAP_AE.gap1,1544
1650,CKSAAP_AF.gap1,1544
1672,CKSAAP_EF.gap1,1544
1671,CKSAAP_EE.gap1,1544
1670,CKSAAP_EA.gap1,1544
1669,CKSAAP_DV.gap1,1544
1668,CKSAAP_DS.gap1,1544
1666,CKSAAP_DG.gap1,1544
1665,CKSAAP_DD.gap1,1544
1664,CKSAAP_CR.gap1,1544
1663,CKSAAP_CG.gap1,1544
1662,CKSAAP_CF.gap1,1544
1455,NMBroto_CHAM820101.lag2,1544
1661,CKSAAP_CC.gap1,1544
1659,CKSAAP_AV.gap1,1544
1658,CKSAAP_AT.gap1,1544
1657,CKSAAP_AS.gap1,1544
1656,CKSAAP_AQ.gap1,1544
1655,CKSAAP_AP.gap1,1544
1654,CKSAAP_AN.gap1,1544
1653,CKSAAP_AL.gap1,1544
1652,CKSAAP_AK.gap1,1544
1451,NMBroto_BHAR880101.lag1,1544
1651,CKSAAP_AG.gap1,1544
1660,CKSAAP_AY.gap1,1544
1634,CKSAAP_VP.gap0,1544
1633,CKSAAP_VL.gap0,1544
1479,CKSAAP_AN.gap0,1544
1481,CKSAAP_AQ.gap0,1544
1605,CKSAAP_RR.gap0,1544
1604,CKSAAP_RQ.gap0,1544
1603,CKSAAP_RP.gap0,1544
1602,CKSAAP_RN.gap0,1544
1601,CKSAAP_RL.gap0,1544
1600,CKSAAP_RK.gap0,1544
1599,CKSAAP_RI.gap0,1544
1598,CKSAAP_RG.gap0,1544
1597,CKSAAP_RF.gap0,1544
1606,CKSAAP_RS.gap0,1544
1596,CKSAAP_RC.gap0,1544
1594,CKSAAP_QS.gap0,1544
1593,CKSAAP_QR.gap0,1544
1592,CKSAAP_QQ.gap0,1544
1591,CKSAAP_QP.gap0,1544
1590,CKSAAP_QG.gap0,1544
1589,CKSAAP_QD.gap0,1544
1588,CKSAAP_PY.gap0,1544
1587,CKSAAP_PW.gap0,1544
1586,CKSAAP_PV.gap0,1544
1585,CKSAAP_PT.gap0,1544
1595,CKSAAP_RA.gap0,1544
1607,CKSAAP_RT.gap0,1544
1608,CKSAAP_RV.gap0,1544
1609,CKSAAP_SA.gap0,1544
1632,CKSAAP_VK.gap0,1544
1631,CKSAAP_VG.gap0,1544
1630,CKSAAP_VA.gap0,1544
1629,CKSAAP_TS.gap0,1544
1628,CKSAAP_TR.gap0,1544
1626,CKSAAP_TN.gap0,1544
1625,CKSAAP_TL.gap0,1544
1624,CKSAAP_TG.gap0,1544
1623,CKSAAP_TF.gap0,1544
1622,CKSAAP_TA.gap0,1544
1621,CKSAAP_SY.gap0,1544
1620,CKSAAP_SV.gap0,1544
1619,CKSAAP_ST.gap0,1544
1618,CKSAAP_SS.gap0,1544
1617,CKSAAP_SR.gap0,1544
1616,CKSAAP_SP.gap0,1544
1615,CKSAAP_SL.gap0,1544
1614,CKSAAP_SK.gap0,1544
1480,CKSAAP_AP.gap0,1544
1613,CKSAAP_SI.gap0,1544
1612,CKSAAP_SG.gap0,1544
1611,CKSAAP_SF.gap0,1544
1610,CKSAAP_SD.gap0,1544
1675,CKSAAP_ER.gap1,1544
1515,CKSAAP_FV.gap0,1544
0,AAC_A,1544
1861,CKSAAP_GS.gap2,1544
2210,QSO3_G_E,1544
2209,QSO3_G_Q,1544
2208,QSO3_G_C,1544
2207,QSO3_G_D,1544
2206,QSO3_G_N,1544
2205,QSO3_G_R,1544
2204,QSO3_G_A,1544
2203,QSO3_SC_V,1544
2201,QSO3_SC_W,1544
2200,QSO3_SC_T,1544
2199,QSO3_SC_S,1544
2211,QSO3_G_G,1544
2196,QSO3_SC_M,1544
2190,QSO3_SC_E,1544
2188,QSO3_SC_C,1544
2186,QSO3_SC_N,1544
2182,SEP_Y,1544
2181,SEP_W,1544
2180,SEP_V,1544
2179,SEP_T,1544
2178,SEP_S,1544
2177,SEP_R,1544
2176,SEP_Q,1544
2175,SEP_P,1544
2195,QSO3_SC_K,1544
2174,SEP_N,1544
2212,QSO3_G_H,1544
2214,QSO3_G_L,1544
2248,ABHPRK__11,1544
2247,ABHPRK__10,1544
2246,ABHPRK__9,1544
2245,ABHPRK__8,1544
2243,ABHPRK__5,1544
2242,ABHPRK__3,1544
2241,ABHPRK__2,1544
2240,ABHPRK__1,1544
2239,AASI,1544
2238,Hydrophobic,1544
2236,Aromaticity,1544
2213,QSO3_G_I,1544
2230,Length,1544
2228,QSO3_G2,1544
2227,QSO3_G1,1544
2226,QSO3_SC3,1544
2223,QSO3_G_V,1544
2221,QSO3_G_W,1544
2220,QSO3_G_T,1544
2219,QSO3_G_S,1544
2218,QSO3_G_P,1544
2217,QSO3_G_F,1544
2216,QSO3_G_M,1544
2215,QSO3_G_K,1544
2229,QSO3_G3,1544
2173,SEP_M,1544
2172,SEP_L,1544
2171,SEP_K,1544
2141,RRI_W,1544
2140,RRI_V,1544
2139,RRI_T,1544
2138,RRI_S,1544
2137,RRI_R,1544
2136,RRI_Q,1544
2135,RRI_P,1544
2134,RRI_N,1544
2133,RRI_M,1544
2132,RRI_L,1544
2131,RRI_K,1544
2142,RRI_Y,1544
2130,RRI_I,1544
2128,RRI_G,1544
2127,RRI_F,1544
2126,RRI_E,1544
2125,RRI_D,1544
2124,RRI_C,1544
2123,RRI_A,1544
2120,DDR_W,1544
2115,DDR_M,1544
2114,DDR_K,1544
2113,DDR_L,1544
2112,DDR_I,1544
2129,RRI_H,1544
2143,SER_A,1544
2144,SER_C,1544
2145,SER_D,1544
2170,SEP_I,1544
2169,SEP_H,1544
2168,SEP_G,1544
2167,SEP_F,1544
2166,SEP_E,1544
2165,SEP_D,1544
2164,SEP_C,1544
2163,SEP_A,1544
2162,SER_Y,1544
2161,SER_W,1544
2160,SER_V,1544
2159,SER_T,1544
2158,SER_S,1544
2157,SER_R,1544
2156,SER_Q,1544
2155,SER_P,1544
2154,SER_N,1544
2153,SER_M,1544
2152,SER_L,1544
2151,SER_K,1544
2150,SER_I,1544
2149,SER_H,1544
2148,SER_G,1544
2147,SER_F,1544
2146,SER_E,1544
2251,ABHPRK__15,1544
2107,DDR_C,1544
2252,ABHPRK__17,1544
2254,ABHPRK__19,1544
2486,OVP_Tiny_C1,1544
2485,OVP_Aliphatic_C1,1544
2484,OVP_Hydrophobic_C1,1544
2483,OVP_Polar_C1,1544
2482,OVP_Positive_C1,1544
2481,OVP_Negative_C1,1544
2480,OVP_Aromatic_C1,1544
2479,OVP_Imino_acid_N4,1544
2478,OVP_Small_N4,1544
2477,OVP_Charged_N4,1544
2476,OVP_Tiny_N4,1544
2487,OVP_Charged_C1,1544
2475,OVP_Aliphatic_N4,1544
2473,OVP_Polar_N4,1544
2472,OVP_Positive_N4,1544
2471,OVP_Negative_N4,1544
2470,OVP_Aromatic_N4,1544
2469,OVP_Imino_acid_N3,1544
2468,OVP_Small_N3,1544
2467,OVP_Charged_N3,1544
2466,OVP_Tiny_N3,1544
2465,OVP_Aliphatic_N3,1544
2464,OVP_Hydrophobic_N3,1544
2463,OVP_Polar_N3,1544
2474,OVP_Hydrophobic_N4,1544
2462,OVP_Positive_N3,1544
2488,OVP_Small_C1,1544
2490,OVP_Aromatic_C2,1544
2517,OVP_Charged_C4,1544
2516,OVP_Tiny_C4,1544
2515,OVP_Aliphatic_C4,1544
2514,OVP_Hydrophobic_C4,1544
2513,OVP_Polar_C4,1544
2512,OVP_Positive_C4,1544
2511,OVP_Negative_C4,1544
2510,OVP_Aromatic_C4,1544
2509,OVP_Imino_acid_C3,1544
2508,OVP_Small_C3,1544
2507,OVP_Charged_C3,1544
2489,OVP_Imino_acid_C1,1544
2506,OVP_Tiny_C3,1544
2503,OVP_Polar_C3,1544
2502,OVP_Positive_C3,1544
2501,OVP_Negative_C3,1544
2500,OVP_Aromatic_C3,1544
2498,OVP_Small_C2,1544
2497,OVP_Charged_C2,1544
2496,OVP_Tiny_C2,1544
2495,OVP_Aliphatic_C2,1544
2494,OVP_Hydrophobic_C2,1544
2492,OVP_Positive_C2,1544
2491,OVP_Negative_C2,1544
2504,OVP_Hydrophobic_C3,1544
2461,OVP_Negative_N3,1544
2460,OVP_Aromatic_N3,1544
2459,OVP_Imino_acid_N2,1544
2305,Cougar__10,1544
2295,Charge_acid,1544
2293,Bulkiness,1544
2291,ABHPRK__63,1544
2290,ABHPRK__62,1544
2289,ABHPRK__61,1544
2287,ABHPRK__59,1544
2286,ABHPRK__57,1544
2285,ABHPRK__56,1544
2284,ABHPRK__55,1544
2283,ABHPRK__54,1544
2308,Cougar__13,1544
2282,ABHPRK__53,1544
2277,ABHPRK__47,1544
2275,ABHPRK__45,1544
2272,ABHPRK__41,1544
2267,ABHPRK__35,1544
2265,ABHPRK__33,1544
2264,ABHPRK__32,1544
2263,ABHPRK__30,1544
2262,ABHPRK__29,1544
2261,ABHPRK__27,1544
2259,ABHPRK__25,1544
2256,ABHPRK__21,1544
2278,ABHPRK__48,1544
2314,Ez__1,1544
2335,MSS,1544
2369,Z3__13,1544
2458,OVP_Small_N2,1544
2457,OVP_Charged_N2,1544
2454,OVP_Hydrophobic_N2,1544
2452,OVP_Positive_N2,1544
2451,OVP_Negative_N2,1544
2450,OVP_Aromatic_N2,1544
2449,OVP_Imino_acid_N1,1544
2448,OVP_Small_N1,1544
2445,OVP_Aliphatic_N1,1544
2441,OVP_Negative_N1,1544
2439,OVPC_Imino_acid,1544
2432,OVPC_Positive,1544
2431,OVPC_Negative,1544
2430,OVPC_Aromatic,1544
2424,formula_S,1544
2422,formula_N,1544
2421,formula_H,1544
2417,Z5__43,1544
2409,Z5__35,1544
2405,Z5__31,1544
2402,Z5__28,1544
2383,Z5__9,1544
2382,Z5__8,1544
2376,Z5__2,1544
2375,Z5__1,1544
2253,ABHPRK__18,1544
2106,DDR_D,1544
2101,PAAC_Xc2.lambda2,1544
2099,PAAC_Xc1.V,1544
1943,CKSAAP_TY.gap2,1544
1942,CKSAAP_TS.gap2,1544
1941,CKSAAP_TR.gap2,1544
1940,CKSAAP_TP.gap2,1544
1939,CKSAAP_TL.gap2,1544
1938,CKSAAP_TG.gap2,1544
1937,CKSAAP_TC.gap2,1544
1936,CKSAAP_SV.gap2,1544
1935,CKSAAP_SS.gap2,1544
1934,CKSAAP_SR.gap2,1544
1933,CKSAAP_SQ.gap2,1544
1944,CKSAAP_VG.gap2,1544
1932,CKSAAP_SP.gap2,1544
1930,CKSAAP_SK.gap2,1544
1929,CKSAAP_SI.gap2,1544
1928,CKSAAP_SG.gap2,1544
1927,CKSAAP_SF.gap2,1544
1926,CKSAAP_SC.gap2,1544
1925,CKSAAP_SA.gap2,1544
1924,CKSAAP_RY.gap2,1544
1923,CKSAAP_RT.gap2,1544
1922,CKSAAP_RS.gap2,1544
1920,CKSAAP_RP.gap2,1544
1919,CKSAAP_RN.gap2,1544
1931,CKSAAP_SL.gap2,1544
1918,CKSAAP_RL.gap2,1544
1945,CKSAAP_VK.gap2,1544
1947,CKSAAP_VN.gap2,1544
1971,CKSAAP_CS.gap3,1544
1970,CKSAAP_CK.gap3,1544
1969,CKSAAP_CG.gap3,1544
1968,CKSAAP_CC.gap3,1544
1967,CKSAAP_AV.gap3,1544
1966,CKSAAP_AS.gap3,1544
1965,CKSAAP_AR.gap3,1544
1964,CKSAAP_AP.gap3,1544
1963,CKSAAP_AL.gap3,1544
1962,CKSAAP_AK.gap3,1544
1961,CKSAAP_AG.gap3,1544
1946,CKSAAP_VL.gap2,1544
1960,CKSAAP_AF.gap3,1544
1958,CKSAAP_YS.gap2,1544
1957,CKSAAP_YN.gap2,1544
1956,CKSAAP_YL.gap2,1544
1955,CKSAAP_YK.gap2,1544
1954,CKSAAP_YG.gap2,1544
1953,CKSAAP_YF.gap2,1544
1952,CKSAAP_WP.gap2,1544
1951,CKSAAP_VV.gap2,1544
1950,CKSAAP_VS.gap2,1544
1949,CKSAAP_VR.gap2,1544
1948,CKSAAP_VP.gap2,1544
1959,CKSAAP_AA.gap3,1544
1917,CKSAAP_RK.gap2,1544
1916,CKSAAP_RI.gap2,1544
1915,CKSAAP_RG.gap2,1544
1885,CKSAAP_LG.gap2,1544
1884,CKSAAP_LF.gap2,1544
1883,CKSAAP_LA.gap2,1544
1882,CKSAAP_KV.gap2,1544
1881,CKSAAP_KS.gap2,1544
1880,CKSAAP_KR.gap2,1544
1879,CKSAAP_KQ.gap2,1544
1878,CKSAAP_KP.gap2,1544
1877,CKSAAP_KL.gap2,1544
1876,CKSAAP_KK.gap2,1544
1875,CKSAAP_KG.gap2,1544
1886,CKSAAP_LI.gap2,1544
1874,CKSAAP_KF.gap2,1544
1872,CKSAAP_KA.gap2,1544
1871,CKSAAP_IV.gap2,1544
1870,CKSAAP_IP.gap2,1544
1869,CKSAAP_IL.gap2,1544
1868,CKSAAP_IK.gap2,1544
1867,CKSAAP_IG.gap2,1544
1866,CKSAAP_IA.gap2,1544
1865,CKSAAP_HG.gap2,1544
1864,CKSAAP_GY.gap2,1544
1863,CKSAAP_GV.gap2,1544
1862,CKSAAP_GT.gap2,1544
1873,CKSAAP_KE.gap2,1544
1887,CKSAAP_LK.gap2,1544
1888,CKSAAP_LL.gap2,1544
1889,CKSAAP_LP.gap2,1544
1914,CKSAAP_RF.gap2,1544
1913,CKSAAP_RA.gap2,1544
1912,CKSAAP_QR.gap2,1544
1911,CKSAAP_QL.gap2,1544
1910,CKSAAP_QK.gap2,1544
1909,CKSAAP_QG.gap2,1544
1908,CKSAAP_PV.gap2,1544
1907,CKSAAP_PS.gap2,1544
1906,CKSAAP_PR.gap2,1544
1905,CKSAAP_PP.gap2,1544
1904,CKSAAP_PL.gap2,1544
1903,CKSAAP_PI.gap2,1544
1902,CKSAAP_PG.gap2,1544
1901,CKSAAP_PF.gap2,1544
1900,CKSAAP_PD.gap2,1544
1899,CKSAAP_PA.gap2,1544
1898,CKSAAP_NT.gap2,1544
1897,CKSAAP_NR.gap2,1544
1896,CKSAAP_NP.gap2,1544
1895,CKSAAP_NK.gap2,1544
1894,CKSAAP_NG.gap2,1544
1893,CKSAAP_LV.gap2,1544
1892,CKSAAP_LT.gap2,1544
1891,CKSAAP_LS.gap2,1544
1890,CKSAAP_LR.gap2,1544
1972,CKSAAP_DE.gap3,1544
1973,CKSAAP_DF.gap3,1544
1974,CKSAAP_DK.gap3,1544
1975,CKSAAP_DL.gap3,1544
2058,CKSAAP_SP.gap3,1544
2057,CKSAAP_SN.gap3,1544
2056,CKSAAP_SL.gap3,1544
2055,CKSAAP_SK.gap3,1544
2054,CKSAAP_SI.gap3,1544
2053,CKSAAP_SG.gap3,1544
2052,CKSAAP_SF.gap3,1544
2051,CKSAAP_SA.gap3,1544
2050,CKSAAP_RS.gap3,1544
2049,CKSAAP_RR.gap3,1544
2048,CKSAAP_RQ.gap3,1544
2059,CKSAAP_SR.gap3,1544
2047,CKSAAP_RP.gap3,1544
2045,CKSAAP_RL.gap3,1544
2044,CKSAAP_RK.gap3,1544
2043,CKSAAP_RI.gap3,1544
2042,CKSAAP_RG.gap3,1544
2041,CKSAAP_RE.gap3,1544
2040,CKSAAP_RA.gap3,1544
2039,CKSAAP_QS.gap3,1544
2038,CKSAAP_QR.gap3,1544
2037,CKSAAP_QK.gap3,1544
2036,CKSAAP_QG.gap3,1544
2035,CKSAAP_PS.gap3,1544
2046,CKSAAP_RN.gap3,1544
2060,CKSAAP_SS.gap3,1544
2061,CKSAAP_TG.gap3,1544
2062,CKSAAP_TP.gap3,1544
2097,PAAC_Xc1.W,1544
2096,PAAC_Xc1.T,1544
2092,PAAC_Xc1.M,1544
2091,PAAC_Xc1.K,1544
2086,PAAC_Xc1.E,1544
2084,PAAC_Xc1.C,1544
2082,PAAC_Xc1.N,1544
2080,PAAC_Xc1.A,1544
2079,CKSAAP_YV.gap3,1544
2078,CKSAAP_YR.gap3,1544
2077,CKSAAP_YP.gap3,1544
2076,CKSAAP_YL.gap3,1544
2075,CKSAAP_YK.gap3,1544
2074,CKSAAP_YG.gap3,1544
2073,CKSAAP_YC.gap3,1544
2072,CKSAAP_VV.gap3,1544
2071,CKSAAP_VT.gap3,1544
2070,CKSAAP_VR.gap3,1544
2069,CKSAAP_VP.gap3,1544
2068,CKSAAP_VL.gap3,1544
2067,CKSAAP_VK.gap3,1544
2066,CKSAAP_VI.gap3,1544
2065,CKSAAP_VG.gap3,1544
2064,CKSAAP_TS.gap3,1544
2063,CKSAAP_TR.gap3,1544
2034,CKSAAP_PR.gap3,1544
1860,CKSAAP_GR.gap2,1544
2033,CKSAAP_PP.gap3,1544
2031,CKSAAP_PG.gap3,1544
2000,CKSAAP_IV.gap3,1544
1999,CKSAAP_IR.gap3,1544
1998,CKSAAP_IL.gap3,1544
1997,CKSAAP_IG.gap3,1544
1996,CKSAAP_IA.gap3,1544
1994,CKSAAP_GV.gap3,1544
1993,CKSAAP_GT.gap3,1544
1992,CKSAAP_GS.gap3,1544
1991,CKSAAP_GR.gap3,1544
1990,CKSAAP_GP.gap3,1544
1989,CKSAAP_GN.gap3,1544
2001,CKSAAP_KA.gap3,1544
1988,CKSAAP_GL.gap3,1544
1986,CKSAAP_GG.gap3,1544
1985,CKSAAP_GF.gap3,1544
1984,CKSAAP_GD.gap3,1544
1983,CKSAAP_GA.gap3,1544
1982,CKSAAP_FR.gap3,1544
1981,CKSAAP_FL.gap3,1544
1980,CKSAAP_FI.gap3,1544
1979,CKSAAP_FG.gap3,1544
1978,CKSAAP_FF.gap3,1544
1977,CKSAAP_EP.gap3,1544
1976,CKSAAP_EG.gap3,1544
1987,CKSAAP_GK.gap3,1544
2002,CKSAAP_KD.gap3,1544
2004,CKSAAP_KG.gap3,1544
2005,CKSAAP_KK.gap3,1544
2030,CKSAAP_PF.gap3,1544
2029,CKSAAP_PC.gap3,1544
2028,CKSAAP_PA.gap3,1544
2027,CKSAAP_NR.gap3,1544
2026,CKSAAP_NL.gap3,1544
2025,CKSAAP_NG.gap3,1544
2024,CKSAAP_LY.gap3,1544
2023,CKSAAP_LV.gap3,1544
2022,CKSAAP_LT.gap3,1544
2021,CKSAAP_LS.gap3,1544
2020,CKSAAP_LR.gap3,1544
2019,CKSAAP_LP.gap3,1544
2018,CKSAAP_LL.gap3,1544
2017,CKSAAP_LK.gap3,1544
2016,CKSAAP_LI.gap3,1544
2015,CKSAAP_LG.gap3,1544
2014,CKSAAP_LF.gap3,1544
2013,CKSAAP_LA.gap3,1544
2012,CKSAAP_KV.gap3,1544
2011,CKSAAP_KS.gap3,1544
2010,CKSAAP_KR.gap3,1544
2009,CKSAAP_KQ.gap3,1544
2008,CKSAAP_KP.gap3,1544
2007,CKSAAP_KN.gap3,1544
2006,CKSAAP_KL.gap3,1544
2032,CKSAAP_PL.gap3,1544
1429,APAAC_Pc1.G,1544
1259,GTPC_uncharger.alphaticr.postivecharger,1544
1427,APAAC_Pc1.Q,1544
657,DDE_EP,1544
655,DDE_EM,1544
654,DDE_EL,1544
652,DDE_EI,1544
651,DDE_EH,1544
650,DDE_EG,1544
649,DDE_EF,1544
648,DDE_EE,1544
647,DDE_ED,1544
646,DDE_EC,1544
645,DDE_EA,1544
644,DDE_DY,1544
643,DDE_DW,1544
642,DDE_DV,1544
658,DDE_EQ,1544
641,DDE_DT,1544
639,DDE_DR,1544
638,DDE_DQ,1544
637,DDE_DP,1544
636,DDE_DN,1544
635,DDE_DM,1544
634,DDE_DL,1544
633,DDE_DK,1544
632,DDE_DI,1544
631,DDE_DH,1544
630,DDE_DG,1544
629,DDE_DF,1544
628,DDE_DE,1544
627,DDE_DD,1544
626,DDE_DC,1544
640,DDE_DS,1544
625,DDE_DA,1544
659,DDE_ER,1544
661,DDE_ET,1544
695,DDE_GM,1544
694,DDE_GL,1544
693,DDE_GK,1544
692,DDE_GI,1544
691,DDE_GH,1544
690,DDE_GG,1544
689,DDE_GF,1544
688,DDE_GE,1544
687,DDE_GD,1544
686,DDE_GC,1544
685,DDE_GA,1544
684,DDE_FY,1544
682,DDE_FV,1544
680,DDE_FS,1544
660,DDE_ES,1544
679,DDE_FR,1544
677,DDE_FP,1544
676,DDE_FN,1544
675,DDE_FM,1544
673,DDE_FK,1544
672,DDE_FI,1544
671,DDE_FH,1544
670,DDE_FG,1544
669,DDE_FF,1544
668,DDE_FE,1544
666,DDE_FC,1544
665,DDE_FA,1544
664,DDE_EY,1544
663,DDE_EW,1544
662,DDE_EV,1544
678,DDE_FQ,1544
696,DDE_GN,1544
624,DDE_CY,1544
622,DDE_CV,1544
582,CTriad_g6.g4.g1,1544
581,CTriad_g6.g3.g3,1544
580,CTriad_g6.g3.g1,1544
579,CTriad_g6.g2.g3,1544
578,CTriad_g6.g2.g2,1544
577,CTriad_g6.g2.g1,1544
576,CTriad_g6.g1.g3,1544
575,CTriad_g6.g1.g2,1544
574,CTriad_g6.g1.g1,1544
573,CTriad_g5.g6.g2,1544
572,CTriad_g5.g5.g7,1544
571,CTriad_g5.g5.g5,1544
570,CTriad_g5.g5.g4,1544
569,CTriad_g5.g5.g3,1544
583,CTriad_g6.g4.g2,1544
568,CTriad_g5.g5.g2,1544
566,CTriad_g5.g4.g5,1544
565,CTriad_g5.g4.g3,1544
564,CTriad_g5.g3.g5,1544
563,CTriad_g5.g3.g3,1544
562,CTriad_g5.g3.g2,1544
561,CTriad_g5.g3.g1,1544
560,CTriad_g5.g2.g5,1544
559,CTriad_g5.g2.g4,1544
558,CTriad_g5.g2.g3,1544
557,CTriad_g5.g2.g2,1544
556,CTriad_g5.g2.g1,1544
555,CTriad_g5.g1.g5,1544
554,CTriad_g5.g1.g3,1544
553,CTriad_g5.g1.g2,1544
567,CTriad_g5.g5.g1,1544
623,DDE_CW,1544
584,CTriad_g7.g3.g2,1544
587,DDE_AD,1544
621,DDE_CT,1544
620,DDE_CS,1544
619,DDE_CR,1544
618,DDE_CQ,1544
617,DDE_CP,1544
616,DDE_CN,1544
615,DDE_CM,1544
614,DDE_CL,1544
613,DDE_CK,1544
612,DDE_CI,1544
611,DDE_CH,1544
610,DDE_CG,1544
609,DDE_CF,1544
608,DDE_CE,1544
586,DDE_AC,1544
607,DDE_CD,1544
605,DDE_CA,1544
604,DDE_AY,1544
603,DDE_AW,1544
602,DDE_AV,1544
601,DDE_AT,1544
600,DDE_AS,1544
598,DDE_AQ,1544
597,DDE_AP,1544
596,DDE_AN,1544
595,DDE_AM,1544
594,DDE_AL,1544
592,DDE_AI,1544
589,DDE_AF,1544
588,DDE_AE,1544
606,DDE_CC,1544
552,CTriad_g5.g1.g1,1544
697,DDE_GP,1544
699,DDE_GR,1544
815,DDE_NM,1544
814,DDE_NL,1544
813,DDE_NK,1544
812,DDE_NI,1544
811,DDE_NH,1544
810,DDE_NG,1544
809,DDE_NF,1544
808,DDE_NE,1544
807,DDE_ND,1544
806,DDE_NC,1544
805,DDE_NA,1544
804,DDE_MY,1544
803,DDE_MW,1544
802,DDE_MV,1544
816,DDE_NN,1544
801,DDE_MT,1544
798,DDE_MQ,1544
797,DDE_MP,1544
796,DDE_MN,1544
795,DDE_MM,1544
794,DDE_ML,1544
793,DDE_MK,1544
792,DDE_MI,1544
791,DDE_MH,1544
789,DDE_MF,1544
788,DDE_ME,1544
787,DDE_MD,1544
786,DDE_MC,1544
785,DDE_MA,1544
783,DDE_LW,1544
800,DDE_MS,1544
781,DDE_LT,1544
817,DDE_NP,1544
819,DDE_NR,1544
850,DDE_QG,1544
849,DDE_QF,1544
848,DDE_QE,1544
847,DDE_QD,1544
846,DDE_QC,1544
845,DDE_QA,1544
844,DDE_PY,1544
843,DDE_PW,1544
842,DDE_PV,1544
841,DDE_PT,1544
840,DDE_PS,1544
839,DDE_PR,1544
838,DDE_PQ,1544
836,DDE_PN,1544
818,DDE_NQ,1544
835,DDE_PM,1544
833,DDE_PK,1544
832,DDE_PI,1544
831,DDE_PH,1544
830,DDE_PG,1544
829,DDE_PF,1544
828,DDE_PE,1544
827,DDE_PD,1544
826,DDE_PC,1544
825,DDE_PA,1544
824,DDE_NY,1544
823,DDE_NW,1544
822,DDE_NV,1544
821,DDE_NT,1544
820,DDE_NS,1544
834,DDE_PL,1544
698,DDE_GQ,1544
780,DDE_LS,1544
777,DDE_LP,1544
732,DDE_II,1544
731,DDE_IH,1544
730,DDE_IG,1544
729,DDE_IF,1544
728,DDE_IE,1544
727,DDE_ID,1544
725,DDE_IA,1544
724,DDE_HY,1544
723,DDE_HW,1544
722,DDE_HV,1544
721,DDE_HT,1544
720,DDE_HS,1544
719,DDE_HR,1544
717,DDE_HP,1544
733,DDE_IK,1544
716,DDE_HN,1544
714,DDE_HL,1544
713,DDE_HK,1544
712,DDE_HI,1544
711,DDE_HH,1544
710,DDE_HG,1544
709,DDE_HF,1544
708,DDE_HE,1544
707,DDE_HD,1544
706,DDE_HC,1544
705,DDE_HA,1544
704,DDE_GY,1544
703,DDE_GW,1544
702,DDE_GV,1544
701,DDE_GT,1544
715,DDE_HM,1544
778,DDE_LQ,1544
734,DDE_IL,1544
736,DDE_IN,1544
776,DDE_LN,1544
775,DDE_LM,1544
774,DDE_LL,1544
771,DDE_LH,1544
770,DDE_LG,1544
769,DDE_LF,1544
768,DDE_LE,1544
767,DDE_LD,1544
766,DDE_LC,1544
764,DDE_KY,1544
763,DDE_KW,1544
762,DDE_KV,1544
759,DDE_KR,1544
758,DDE_KQ,1544
735,DDE_IM,1544
757,DDE_KP,1544
755,DDE_KM,1544
754,DDE_KL,1544
751,DDE_KH,1544
750,DDE_KG,1544
749,DDE_KF,1544
748,DDE_KE,1544
747,DDE_KD,1544
746,DDE_KC,1544
744,DDE_IY,1544
743,DDE_IW,1544
742,DDE_IV,1544
741,DDE_IT,1544
738,DDE_IQ,1544
737,DDE_IP,1544
756,DDE_KN,1544
551,CTriad_g4.g5.g5,1544
550,CTriad_g4.g5.g3,1544
549,CTriad_g4.g5.g2,1544
192,CTDC_normwaalsvolume.G2,1544
190,CTDC_hydrophobicity_FASG890101.G3,1544
186,CTDC_hydrophobicity_ENGD860101.G2,1544
177,CTDC_hydrophobicity_ZIMJ680101.G2,1544
175,CTDC_hydrophobicity_ARGP820101.G3,1544
169,CKSAAGP_uncharger.uncharger.gap5,1544
168,CKSAAGP_uncharger.negativecharger.gap5,1544
166,CKSAAGP_uncharger.aromatic.gap5,1544
164,CKSAAGP_negativecharger.uncharger.gap5,1544
163,CKSAAGP_negativecharger.negativecharger.gap5,1544
162,CKSAAGP_negativecharger.postivecharger.gap5,1544
161,CKSAAGP_negativecharger.aromatic.gap5,1544
158,CKSAAGP_postivecharger.negativecharger.gap5,1544
157,CKSAAGP_postivecharger.postivecharger.gap5,1544
194,CTDC_polarity.G1,1544
154,CKSAAGP_aromatic.uncharger.gap5,1544
151,CKSAAGP_aromatic.aromatic.gap5,1544
148,CKSAAGP_alphaticr.negativecharger.gap5,1544
146,CKSAAGP_alphaticr.aromatic.gap5,1544
144,CKSAAGP_uncharger.uncharger.gap4,1544
143,CKSAAGP_uncharger.negativecharger.gap4,1544
142,CKSAAGP_uncharger.postivecharger.gap4,1544
138,CKSAAGP_negativecharger.negativecharger.gap4,1544
137,CKSAAGP_negativecharger.postivecharger.gap4,1544
136,CKSAAGP_negativecharger.aromatic.gap4,1544
134,CKSAAGP_postivecharger.uncharger.gap4,1544
133,CKSAAGP_postivecharger.negativecharger.gap4,1544
132,CKSAAGP_postivecharger.postivecharger.gap4,1544
129,CKSAAGP_aromatic.uncharger.gap4,1544
128,CKSAAGP_aromatic.negativecharger.gap4,1544
153,CKSAAGP_aromatic.negativecharger.gap5,1544
127,CKSAAGP_aromatic.postivecharger.gap4,1544
195,CTDC_polarity.G2,1544
198,CTDC_polarizability.G2,1544
306,CTDD_hydrophobicity_FASG890101.2.residue50,1544
305,CTDD_hydrophobicity_FASG890101.2.residue25,1544
303,CTDD_hydrophobicity_FASG890101.1.residue100,1544
301,CTDD_hydrophobicity_FASG890101.1.residue50,1544
298,CTDD_hydrophobicity_ENGD860101.3.residue100,1544
293,CTDD_hydrophobicity_ENGD860101.2.residue100,1544
291,CTDD_hydrophobicity_ENGD860101.2.residue50,1544
286,CTDD_hydrophobicity_ENGD860101.1.residue50,1544
283,CTDD_hydrophobicity_CASG920101.3.residue100,1544
272,CTDD_hydrophobicity_CASG920101.1.residue75,1544
269,CTDD_hydrophobicity_CASG920101.1.residue0,1544
268,CTDD_hydrophobicity_PONP930101.3.residue100,1544
262,CTDD_hydrophobicity_PONP930101.2.residue75,1544
255,CTDD_hydrophobicity_PONP930101.1.residue25,1544
196,CTDC_polarity.G3,1544
251,CTDD_hydrophobicity_ZIMJ680101.3.residue50,1544
241,CTDD_hydrophobicity_ZIMJ680101.1.residue50,1544
237,CTDD_hydrophobicity_ARGP820101.3.residue75,1544
236,CTDD_hydrophobicity_ARGP820101.3.residue50,1544
234,CTDD_hydrophobicity_ARGP820101.3.residue0,1544
233,CTDD_hydrophobicity_ARGP820101.2.residue100,1544
232,CTDD_hydrophobicity_ARGP820101.2.residue75,1544
228,CTDD_hydrophobicity_ARGP820101.1.residue100,1544
226,CTDD_hydrophobicity_ARGP820101.1.residue50,1544
223,CTDD_hydrophobicity_PRAM900101.3.residue100,1544
218,CTDD_hydrophobicity_PRAM900101.2.residue100,1544
217,CTDD_hydrophobicity_PRAM900101.2.residue75,1544
208,CTDC_solventaccess.G3,1544
207,CTDC_solventaccess.G2,1544
199,CTDC_polarizability.G3,1544
245,CTDD_hydrophobicity_ZIMJ680101.2.residue25,1544
314,CTDD_normwaalsvolume.1.residue0,1544
126,CKSAAGP_aromatic.aromatic.gap4,1544
121,CKSAAGP_alphaticr.aromatic.gap4,1544
58,CKSAAGP_postivecharger.negativecharger.gap1,1544
57,CKSAAGP_postivecharger.postivecharger.gap1,1544
55,CKSAAGP_postivecharger.alphaticr.gap1,1544
53,CKSAAGP_aromatic.negativecharger.gap1,1544
52,CKSAAGP_aromatic.postivecharger.gap1,1544
51,CKSAAGP_aromatic.aromatic.gap1,1544
48,CKSAAGP_alphaticr.negativecharger.gap1,1544
41,CKSAAGP_uncharger.aromatic.gap0,1544
39,CKSAAGP_negativecharger.uncharger.gap0,1544
38,CKSAAGP_negativecharger.negativecharger.gap0,1544
37,CKSAAGP_negativecharger.postivecharger.gap0,1544
36,CKSAAGP_negativecharger.aromatic.gap0,1544
35,CKSAAGP_negativecharger.alphaticr.gap0,1544
34,CKSAAGP_postivecharger.uncharger.gap0,1544
59,CKSAAGP_postivecharger.uncharger.gap1,1544
33,CKSAAGP_postivecharger.negativecharger.gap0,1544
30,CKSAAGP_postivecharger.alphaticr.gap0,1544
29,CKSAAGP_aromatic.uncharger.gap0,1544
27,CKSAAGP_aromatic.postivecharger.gap0,1544
26,CKSAAGP_aromatic.aromatic.gap0,1544
24,CKSAAGP_alphaticr.uncharger.gap0,1544
21,CKSAAGP_alphaticr.aromatic.gap0,1544
17,AAC_W,1544
16,AAC_T,1544
12,AAC_M,1544
11,AAC_K,1544
6,AAC_E,1544
5,AAC_Q,1544
4,AAC_C,1544
2,AAC_N,1544
31,CKSAAGP_postivecharger.aromatic.gap0,1544
124,CKSAAGP_alphaticr.uncharger.gap4,1544
60,CKSAAGP_negativecharger.alphaticr.gap1,1544
62,CKSAAGP_negativecharger.postivecharger.gap1,1544
118,CKSAAGP_uncharger.negativecharger.gap3,1544
117,CKSAAGP_uncharger.postivecharger.gap3,1544
116,CKSAAGP_uncharger.aromatic.gap3,1544
114,CKSAAGP_negativecharger.uncharger.gap3,1544
113,CKSAAGP_negativecharger.negativecharger.gap3,1544
112,CKSAAGP_negativecharger.postivecharger.gap3,1544
111,CKSAAGP_negativecharger.aromatic.gap3,1544
106,CKSAAGP_postivecharger.aromatic.gap3,1544
103,CKSAAGP_aromatic.negativecharger.gap3,1544
102,CKSAAGP_aromatic.postivecharger.gap3,1544
101,CKSAAGP_aromatic.aromatic.gap3,1544
100,CKSAAGP_aromatic.alphaticr.gap3,1544
98,CKSAAGP_alphaticr.negativecharger.gap3,1544
93,CKSAAGP_uncharger.negativecharger.gap2,1544
61,CKSAAGP_negativecharger.aromatic.gap1,1544
91,CKSAAGP_uncharger.aromatic.gap2,1544
88,CKSAAGP_negativecharger.negativecharger.gap2,1544
87,CKSAAGP_negativecharger.postivecharger.gap2,1544
86,CKSAAGP_negativecharger.aromatic.gap2,1544
83,CKSAAGP_postivecharger.negativecharger.gap2,1544
79,CKSAAGP_aromatic.uncharger.gap2,1544
78,CKSAAGP_aromatic.negativecharger.gap2,1544
77,CKSAAGP_aromatic.postivecharger.gap2,1544
76,CKSAAGP_aromatic.aromatic.gap2,1544
75,CKSAAGP_aromatic.alphaticr.gap2,1544
73,CKSAAGP_alphaticr.negativecharger.gap2,1544
72,CKSAAGP_alphaticr.postivecharger.gap2,1544
71,CKSAAGP_alphaticr.aromatic.gap2,1544
66,CKSAAGP_uncharger.aromatic.gap1,1544
64,CKSAAGP_negativecharger.uncharger.gap1,1544
89,CKSAAGP_negativecharger.uncharger.gap2,1544
328,CTDD_normwaalsvolume.3.residue100,1544
329,CTDD_polarity.1.residue0,1544
330,CTDD_polarity.1.residue25,1544
507,CTriad_g3.g1.g3,1544
506,CTriad_g3.g1.g2,1544
505,CTriad_g3.g1.g1,1544
504,CTriad_g2.g7.g3,1544
503,CTriad_g2.g6.g4,1544
502,CTriad_g2.g6.g3,1544
501,CTriad_g2.g6.g1,1544
500,CTriad_g2.g5.g6,1544
499,CTriad_g2.g5.g5,1544
498,CTriad_g2.g5.g4,1544
497,CTriad_g2.g5.g3,1544
496,CTriad_g2.g5.g2,1544
494,CTriad_g2.g4.g5,1544
493,CTriad_g2.g4.g4,1544
508,CTriad_g3.g1.g4,1544
492,CTriad_g2.g4.g3,1544
490,CTriad_g2.g4.g1,1544
488,CTriad_g2.g3.g5,1544
487,CTriad_g2.g3.g4,1544
486,CTriad_g2.g3.g3,1544
485,CTriad_g2.g3.g2,1544
484,CTriad_g2.g3.g1,1544
483,CTriad_g2.g2.g6,1544
482,CTriad_g2.g2.g5,1544
481,CTriad_g2.g2.g4,1544
480,CTriad_g2.g2.g3,1544
478,CTriad_g2.g2.g1,1544
477,CTriad_g2.g1.g6,1544
476,CTriad_g2.g1.g5,1544
475,CTriad_g2.g1.g4,1544
491,CTriad_g2.g4.g2,1544
474,CTriad_g2.g1.g3,1544
510,CTriad_g3.g1.g6,1544
513,CTriad_g3.g2.g3,1544
548,CTriad_g4.g5.g1,1544
547,CTriad_g4.g4.g2,1544
546,CTriad_g4.g3.g6,1544
545,CTriad_g4.g3.g5,1544
544,CTriad_g4.g3.g4,1544
543,CTriad_g4.g3.g2,1544
541,CTriad_g4.g2.g5,1544
540,CTriad_g4.g2.g4,1544
539,CTriad_g4.g2.g3,1544
538,CTriad_g4.g2.g2,1544
537,CTriad_g4.g2.g1,1544
536,CTriad_g4.g1.g4,1544
535,CTriad_g4.g1.g3,1544
533,CTriad_g4.g1.g1,1544
512,CTriad_g3.g2.g2,1544
532,CTriad_g3.g6.g4,1544
530,CTriad_g3.g6.g1,1544
529,CTriad_g3.g5.g5,1544
527,CTriad_g3.g5.g2,1544
526,CTriad_g3.g5.g1,1544
525,CTriad_g3.g4.g5,1544
524,CTriad_g3.g4.g3,1544
523,CTriad_g3.g4.g2,1544
521,CTriad_g3.g3.g5,1544
520,CTriad_g3.g3.g4,1544
519,CTriad_g3.g3.g3,1544
518,CTriad_g3.g3.g2,1544
517,CTriad_g3.g3.g1,1544
516,CTriad_g3.g2.g6,1544
515,CTriad_g3.g2.g5,1544
531,CTriad_g3.g6.g2,1544
472,CTriad_g2.g1.g1,1544
471,CTriad_g1.g6.g3,1544
470,CTriad_g1.g6.g2,1544
397,CTDD_solventaccess.2.residue75,1544
396,CTDD_solventaccess.2.residue50,1544
395,CTDD_solventaccess.2.residue25,1544
394,CTDD_solventaccess.2.residue0,1544
390,CTDD_solventaccess.1.residue25,1544
387,CTDD_secondarystruct.3.residue75,1544
383,CTDD_secondarystruct.2.residue100,1544
382,CTDD_secondarystruct.2.residue75,1544
377,CTDD_secondarystruct.1.residue75,1544
372,CTDD_charge.3.residue75,1544
368,CTDD_charge.2.residue100,1544
365,CTDD_charge.2.residue25,1544
364,CTDD_charge.2.residue0,1544
358,CTDD_polarizability.3.residue100,1544
398,CTDD_solventaccess.2.residue100,1544
357,CTDD_polarizability.3.residue75,1544
355,CTDD_polarizability.3.residue25,1544
354,CTDD_polarizability.3.residue0,1544
347,CTDD_polarizability.1.residue75,1544
346,CTDD_polarizability.1.residue50,1544
343,CTDD_polarity.3.residue100,1544
342,CTDD_polarity.3.residue75,1544
340,CTDD_polarity.3.residue25,1544
338,CTDD_polarity.2.residue100,1544
337,CTDD_polarity.2.residue75,1544
336,CTDD_polarity.2.residue50,1544
334,CTDD_polarity.2.residue0,1544
333,CTDD_polarity.1.residue100,1544
332,CTDD_polarity.1.residue75,1544
331,CTDD_polarity.1.residue50,1544
356,CTDD_polarizability.3.residue50,1544
405,CTDT_hydrophobicity_PRAM900101.Tr1331,1544
410,CTDT_hydrophobicity_ZIMJ680101.Tr1221,1544
424,CTDT_hydrophobicity_FASG890101.Tr2332,1544
469,CTriad_g1.g6.g1,1544
468,CTriad_g1.g5.g5,1544
467,CTriad_g1.g5.g3,1544
466,CTriad_g1.g5.g2,1544
465,CTriad_g1.g5.g1,1544
464,CTriad_g1.g4.g4,1544
463,CTriad_g1.g4.g3,1544
462,CTriad_g1.g4.g2,1544
461,CTriad_g1.g4.g1,1544
460,CTriad_g1.g3.g7,1544
459,CTriad_g1.g3.g5,1544
458,CTriad_g1.g3.g4,1544
457,CTriad_g1.g3.g3,1544
456,CTriad_g1.g3.g2,1544
455,CTriad_g1.g3.g1,1544
454,CTriad_g1.g2.g6,1544
453,CTriad_g1.g2.g5,1544
428,CTDT_polarity.Tr1221,1544
432,CTDT_polarizability.Tr1331,1544
434,CTDT_charge.Tr1221,1544
440,CTDT_solventaccess.Tr1221,1544
443,CTriad_g1.g1.g1,1544
444,CTriad_g1.g1.g2,1544
851,DDE_QH,1544
445,CTriad_g1.g1.g3,1544
447,CTriad_g1.g1.g5,1544
448,CTriad_g1.g1.g6,1544
449,CTriad_g1.g2.g1,1544
450,CTriad_g1.g2.g2,1544
451,CTriad_g1.g2.g3,1544
452,CTriad_g1.g2.g4,1544
446,CTriad_g1.g1.g4,1544
852,DDE_QI,1544
853,DDE_QK,1544
854,DDE_QL,1544
1247,GTPC_postivecharger.uncharger.uncharger,1544
1246,GTPC_postivecharger.uncharger.negativecharger,1544
1245,GTPC_postivecharger.uncharger.postivecharger,1544
1244,GTPC_postivecharger.uncharger.aromatic,1544
1242,GTPC_postivecharger.negativecharger.uncharger,1544
1241,GTPC_postivecharger.negativecharger.alphaticr,1544
1240,GTPC_postivecharger.postivecharger.uncharger,1544
1239,GTPC_postivecharger.postivecharger.postivecharger,1544
1238,GTPC_postivecharger.postivecharger.aromatic,1544
1237,GTPC_postivecharger.postivecharger.alphaticr,1544
1236,GTPC_postivecharger.aromatic.uncharger,1544
1235,GTPC_postivecharger.aromatic.postivecharger,1544
1234,GTPC_postivecharger.aromatic.alphaticr,1544
1233,GTPC_postivecharger.alphaticr.uncharger,1544
1248,GTPC_negativecharger.alphaticr.alphaticr,1544
1232,GTPC_postivecharger.alphaticr.negativecharger,1544
1229,GTPC_postivecharger.alphaticr.alphaticr,1544
1227,GTPC_aromatic.uncharger.negativecharger,1544
1226,GTPC_aromatic.uncharger.postivecharger,1544
1225,GTPC_aromatic.uncharger.aromatic,1544
1223,GTPC_aromatic.negativecharger.alphaticr,1544
1222,GTPC_aromatic.postivecharger.uncharger,1544
1221,GTPC_aromatic.postivecharger.postivecharger,1544
1220,GTPC_aromatic.postivecharger.alphaticr,1544
1219,GTPC_aromatic.aromatic.uncharger,1544
1218,GTPC_aromatic.aromatic.alphaticr,1544
1217,GTPC_aromatic.alphaticr.uncharger,1544
1216,GTPC_aromatic.alphaticr.negativecharger,1544
1215,GTPC_aromatic.alphaticr.postivecharger,1544
1214,GTPC_aromatic.alphaticr.aromatic,1544
1230,GTPC_postivecharger.alphaticr.aromatic,1544
1213,GTPC_aromatic.alphaticr.alphaticr,1544
1249,GTPC_negativecharger.alphaticr.postivecharger,1544
1251,GTPC_negativecharger.aromatic.alphaticr,1544
1286,KSCTriad_g1.g2.g1.gap0,1544
1285,KSCTriad_g1.g1.g6.gap0,1544
1284,KSCTriad_g1.g1.g5.gap0,1544
1283,KSCTriad_g1.g1.g4.gap0,1544
1282,KSCTriad_g1.g1.g3.gap0,1544
1281,KSCTriad_g1.g1.g2.gap0,1544
1280,KSCTriad_g1.g1.g1.gap0,1544
1279,GTPC_uncharger.uncharger.uncharger,1544
1278,GTPC_uncharger.uncharger.negativecharger,1544
1274,GTPC_uncharger.negativecharger.uncharger,1544
1273,GTPC_uncharger.negativecharger.negativecharger,1544
1272,GTPC_uncharger.negativecharger.postivecharger,1544
1271,GTPC_uncharger.negativecharger.aromatic,1544
1270,GTPC_uncharger.negativecharger.alphaticr,1544
1250,GTPC_negativecharger.alphaticr.uncharger,1544
1269,GTPC_uncharger.postivecharger.uncharger,1544
1267,GTPC_uncharger.postivecharger.aromatic,1544
1266,GTPC_uncharger.postivecharger.alphaticr,1544
1265,GTPC_uncharger.aromatic.uncharger,1544
1264,GTPC_uncharger.aromatic.postivecharger,1544
1263,GTPC_uncharger.aromatic.aromatic,1544
1262,GTPC_uncharger.aromatic.alphaticr,1544
1261,GTPC_uncharger.alphaticr.uncharger,1544
1260,GTPC_uncharger.alphaticr.negativecharger,1544
2518,OVP_Small_C4,1544
1258,GTPC_uncharger.alphaticr.aromatic,1544
1256,GTPC_negativecharger.uncharger.uncharger,1544
1254,GTPC_negativecharger.uncharger.alphaticr,1544
1253,GTPC_negativecharger.negativecharger.alphaticr,1544
1252,GTPC_negativecharger.postivecharger.alphaticr,1544
1268,GTPC_uncharger.postivecharger.postivecharger,1544
1287,KSCTriad_g1.g2.g2.gap0,1544
1212,GTPC_alphaticr.uncharger.uncharger,1544
1210,GTPC_alphaticr.uncharger.postivecharger,1544
1170,GDPC_aromatic.aromatic,1544
1169,GDPC_aromatic.alphaticr,1544
1168,GDPC_alphaticr.uncharger,1544
1167,GDPC_alphaticr.negativecharger,1544
1166,GDPC_alphaticr.postivecharger,1544
1165,GDPC_alphaticr.aromatic,1544
1164,GDPC_alphaticr.alphaticr,1544
1163,GAAC_uncharge,1544
1162,GAAC_negativecharge,1544
1158,DPC_YS,1544
1157,DPC_YR,1544
1156,DPC_YP,1544
1155,DPC_YL,1544
1154,DPC_YI,1544
1171,GDPC_aromatic.postivecharger,1544
1153,DPC_YG,1544
1151,DPC_WG,1544
1150,DPC_VV,1544
1149,DPC_VS,1544
1148,DPC_VR,1544
1147,DPC_VP,1544
1146,DPC_VL,1544
1145,DPC_VK,1544
1144,DPC_VG,1544
1143,DPC_VA,1544
1142,DPC_TS,1544
1141,DPC_TR,1544
1140,DPC_TP,1544
1139,DPC_TN,1544
1138,DPC_TL,1544
1152,DPC_YA,1544
1211,GTPC_alphaticr.uncharger.negativecharger,1544
1172,GDPC_aromatic.negativecharger,1544
1174,GDPC_postivecharger.alphaticr,1544
1209,GTPC_alphaticr.uncharger.aromatic,1544
1208,GTPC_alphaticr.uncharger.alphaticr,1544
1207,GTPC_alphaticr.negativecharger.uncharger,1544
1206,GTPC_alphaticr.negativecharger.postivecharger,1544
1205,GTPC_alphaticr.negativecharger.aromatic,1544
1204,GTPC_alphaticr.negativecharger.alphaticr,1544
1203,GTPC_alphaticr.postivecharger.uncharger,1544
1202,GTPC_alphaticr.postivecharger.negativecharger,1544
1199,GTPC_alphaticr.postivecharger.alphaticr,1544
1198,GTPC_alphaticr.aromatic.uncharger,1544
1197,GTPC_alphaticr.aromatic.negativecharger,1544
1196,GTPC_alphaticr.aromatic.postivecharger,1544
1195,GTPC_alphaticr.aromatic.aromatic,1544
1194,GTPC_alphaticr.aromatic.alphaticr,1544
1173,GDPC_aromatic.uncharger,1544
1192,GTPC_alphaticr.alphaticr.negativecharger,1544
1188,GDPC_uncharger.uncharger,1544
1187,GDPC_uncharger.negativecharger,1544
1186,GDPC_uncharger.postivecharger,1544
1185,GDPC_uncharger.aromatic,1544
1184,GDPC_uncharger.alphaticr,1544
1183,GDPC_negativecharger.uncharger,1544
1182,GDPC_negativecharger.negativecharger,1544
1181,GDPC_negativecharger.postivecharger,1544
1180,GDPC_negativecharger.aromatic,1544
1179,GDPC_negativecharger.alphaticr,1544
1178,GDPC_postivecharger.uncharger,1544
1177,GDPC_postivecharger.negativecharger,1544
1176,GDPC_postivecharger.postivecharger,1544
1175,GDPC_postivecharger.aromatic,1544
1190,GTPC_alphaticr.alphaticr.aromatic,1544
1288,KSCTriad_g1.g2.g3.gap0,1544
1289,KSCTriad_g1.g2.g4.gap0,1544
1290,KSCTriad_g1.g2.g5.gap0,1544
1389,KSCTriad_g5.g1.g1.gap0,1544
1388,KSCTriad_g4.g5.g5.gap0,1544
1387,KSCTriad_g4.g5.g3.gap0,1544
1386,KSCTriad_g4.g5.g2.gap0,1544
1385,KSCTriad_g4.g5.g1.gap0,1544
1384,KSCTriad_g4.g4.g2.gap0,1544
1383,KSCTriad_g4.g3.g6.gap0,1544
1382,KSCTriad_g4.g3.g5.gap0,1544
1381,KSCTriad_g4.g3.g4.gap0,1544
1380,KSCTriad_g4.g3.g2.gap0,1544
1379,KSCTriad_g4.g3.g1.gap0,1544
1378,KSCTriad_g4.g2.g5.gap0,1544
1377,KSCTriad_g4.g2.g4.gap0,1544
1376,KSCTriad_g4.g2.g3.gap0,1544
1390,KSCTriad_g5.g1.g2.gap0,1544
1375,KSCTriad_g4.g2.g2.gap0,1544
1373,KSCTriad_g4.g1.g4.gap0,1544
1372,KSCTriad_g4.g1.g3.gap0,1544
1371,KSCTriad_g4.g1.g2.gap0,1544
1370,KSCTriad_g4.g1.g1.gap0,1544
1369,KSCTriad_g3.g6.g4.gap0,1544
1368,KSCTriad_g3.g6.g2.gap0,1544
1367,KSCTriad_g3.g6.g1.gap0,1544
1366,KSCTriad_g3.g5.g5.gap0,1544
1365,KSCTriad_g3.g5.g4.gap0,1544
1364,KSCTriad_g3.g5.g2.gap0,1544
1363,KSCTriad_g3.g5.g1.gap0,1544
1362,KSCTriad_g3.g4.g5.gap0,1544
1361,KSCTriad_g3.g4.g3.gap0,1544
1360,KSCTriad_g3.g4.g2.gap0,1544
1374,KSCTriad_g4.g2.g1.gap0,1544
1359,KSCTriad_g3.g4.g1.gap0,1544
1391,KSCTriad_g5.g1.g3.gap0,1544
1393,KSCTriad_g5.g2.g1.gap0,1544
1426,APAAC_Pc1.C,1544
1424,APAAC_Pc1.N,1544
1421,KSCTriad_g7.g3.g2.gap0,1544
1420,KSCTriad_g6.g4.g2.gap0,1544
1419,KSCTriad_g6.g4.g1.gap0,1544
1418,KSCTriad_g6.g3.g3.gap0,1544
1417,KSCTriad_g6.g3.g1.gap0,1544
1416,KSCTriad_g6.g2.g3.gap0,1544
1415,KSCTriad_g6.g2.g2.gap0,1544
1414,KSCTriad_g6.g2.g1.gap0,1544
1413,KSCTriad_g6.g1.g3.gap0,1544
1412,KSCTriad_g6.g1.g2.gap0,1544
1411,KSCTriad_g6.g1.g1.gap0,1544
1410,KSCTriad_g5.g6.g2.gap0,1544
1392,KSCTriad_g5.g1.g5.gap0,1544
1409,KSCTriad_g5.g5.g7.gap0,1544
1407,KSCTriad_g5.g5.g4.gap0,1544
1406,KSCTriad_g5.g5.g3.gap0,1544
1405,KSCTriad_g5.g5.g2.gap0,1544
1404,KSCTriad_g5.g5.g1.gap0,1544
1403,KSCTriad_g5.g4.g5.gap0,1544
1402,KSCTriad_g5.g4.g3.gap0,1544
1401,KSCTriad_g5.g3.g5.gap0,1544
1400,KSCTriad_g5.g3.g3.gap0,1544
1399,KSCTriad_g5.g3.g2.gap0,1544
1398,KSCTriad_g5.g3.g1.gap0,1544
1397,KSCTriad_g5.g2.g5.gap0,1544
1396,KSCTriad_g5.g2.g4.gap0,1544
1395,KSCTriad_g5.g2.g3.gap0,1544
1394,KSCTriad_g5.g2.g2.gap0,1544
1408,KSCTriad_g5.g5.g5.gap0,1544
1358,KSCTriad_g3.g3.g5.gap0,1544
1357,KSCTriad_g3.g3.g4.gap0,1544
1356,KSCTriad_g3.g3.g3.gap0,1544
1320,KSCTriad_g2.g2.g6.gap0,1544
1319,KSCTriad_g2.g2.g5.gap0,1544
1318,KSCTriad_g2.g2.g4.gap0,1544
1317,KSCTriad_g2.g2.g3.gap0,1544
1316,KSCTriad_g2.g2.g2.gap0,1544
1315,KSCTriad_g2.g2.g1.gap0,1544
1314,KSCTriad_g2.g1.g6.gap0,1544
1313,KSCTriad_g2.g1.g5.gap0,1544
1312,KSCTriad_g2.g1.g4.gap0,1544
1311,KSCTriad_g2.g1.g3.gap0,1544
1310,KSCTriad_g2.g1.g2.gap0,1544
1309,KSCTriad_g2.g1.g1.gap0,1544
1308,KSCTriad_g1.g6.g3.gap0,1544
1307,KSCTriad_g1.g6.g2.gap0,1544
1321,KSCTriad_g2.g3.g1.gap0,1544
1306,KSCTriad_g1.g6.g1.gap0,1544
1304,KSCTriad_g1.g5.g3.gap0,1544
1303,KSCTriad_g1.g5.g2.gap0,1544
1302,KSCTriad_g1.g5.g1.gap0,1544
1301,KSCTriad_g1.g4.g4.gap0,1544
1300,KSCTriad_g1.g4.g3.gap0,1544
1299,KSCTriad_g1.g4.g2.gap0,1544
1298,KSCTriad_g1.g4.g1.gap0,1544
1297,KSCTriad_g1.g3.g7.gap0,1544
1296,KSCTriad_g1.g3.g5.gap0,1544
1295,KSCTriad_g1.g3.g4.gap0,1544
1294,KSCTriad_g1.g3.g3.gap0,1544
1293,KSCTriad_g1.g3.g2.gap0,1544
1292,KSCTriad_g1.g3.g1.gap0,1544
1291,KSCTriad_g1.g2.g6.gap0,1544
1305,KSCTriad_g1.g5.g5.gap0,1544
1322,KSCTriad_g2.g3.g2.gap0,1544
1323,KSCTriad_g2.g3.g3.gap0,1544
1324,KSCTriad_g2.g3.g4.gap0,1544
1355,KSCTriad_g3.g3.g2.gap0,1544
1354,KSCTriad_g3.g3.g1.gap0,1544
1353,KSCTriad_g3.g2.g6.gap0,1544
1352,KSCTriad_g3.g2.g5.gap0,1544
1351,KSCTriad_g3.g2.g4.gap0,1544
1350,KSCTriad_g3.g2.g3.gap0,1544
1349,KSCTriad_g3.g2.g2.gap0,1544
1348,KSCTriad_g3.g2.g1.gap0,1544
1347,KSCTriad_g3.g1.g6.gap0,1544
1346,KSCTriad_g3.g1.g5.gap0,1544
1345,KSCTriad_g3.g1.g4.gap0,1544
1344,KSCTriad_g3.g1.g3.gap0,1544
1343,KSCTriad_g3.g1.g2.gap0,1544
1342,KSCTriad_g3.g1.g1.gap0,1544
1341,KSCTriad_g2.g7.g3.gap0,1544
1340,KSCTriad_g2.g6.g4.gap0,1544
1339,KSCTriad_g2.g6.g3.gap0,1544
1325,KSCTriad_g2.g3.g5.gap0,1544
1326,KSCTriad_g2.g3.g6.gap0,1544
1327,KSCTriad_g2.g4.g1.gap0,1544
1328,KSCTriad_g2.g4.g2.gap0,1544
1329,KSCTriad_g2.g4.g3.gap0,1544
1330,KSCTriad_g2.g4.g4.gap0,1544
1137,DPC_TG,1544
1331,KSCTriad_g2.g4.g5.gap0,1544
1333,KSCTriad_g2.g5.g2.gap0,1544
1334,KSCTriad_g2.g5.g3.gap0,1544
1335,KSCTriad_g2.g5.g4.gap0,1544
1336,KSCTriad_g2.g5.g5.gap0,1544
1337,KSCTriad_g2.g5.g6.gap0,1544
1338,KSCTriad_g2.g6.g1.gap0,1544
1332,KSCTriad_g2.g5.g1.gap0,1544
1428,APAAC_Pc1.E,1544
1136,DPC_TF,1544
1134,DPC_SY,1544
960,DDE_WS,1544
959,DDE_WR,1544
958,DDE_WQ,1544
957,DDE_WP,1544
956,DDE_WN,1544
955,DDE_WM,1544
954,DDE_WL,1544
953,DDE_WK,1544
952,DDE_WI,1544
951,DDE_WH,1544
950,DDE_WG,1544
949,DDE_WF,1544
948,DDE_WE,1544
947,DDE_WD,1544
961,DDE_WT,1544
946,DDE_WC,1544
944,DDE_VY,1544
943,DDE_VW,1544
942,DDE_VV,1544
941,DDE_VT,1544
940,DDE_VS,1544
938,DDE_VQ,1544
936,DDE_VN,1544
935,DDE_VM,1544
934,DDE_VL,1544
933,DDE_VK,1544
932,DDE_VI,1544
931,DDE_VH,1544
930,DDE_VG,1544
929,DDE_VF,1544
945,DDE_WA,1544
928,DDE_VE,1544
962,DDE_WV,1544
964,DDE_WY,1544
996,DPC_AS,1544
995,DPC_AR,1544
994,DPC_AQ,1544
993,DPC_AP,1544
992,DPC_AN,1544
991,DPC_AL,1544
990,DPC_AK,1544
989,DPC_AI,1544
988,DPC_AG,1544
987,DPC_AF,1544
986,DPC_AE,1544
985,DPC_AA,1544
984,DDE_YY,1544
983,DDE_YW,1544
963,DDE_WW,1544
982,DDE_YV,1544
980,DDE_YS,1544
979,DDE_YR,1544
978,DDE_YQ,1544
976,DDE_YN,1544
975,DDE_YM,1544
974,DDE_YL,1544
973,DDE_YK,1544
972,DDE_YI,1544
971,DDE_YH,1544
970,DDE_YG,1544
969,DDE_YF,1544
968,DDE_YE,1544
967,DDE_YD,1544
966,DDE_YC,1544
981,DDE_YT,1544
997,DPC_AV,1544
927,DDE_VD,1544
924,DDE_TY,1544
889,DDE_SF,1544
888,DDE_SE,1544
887,DDE_SD,1544
886,DDE_SC,1544
885,DDE_SA,1544
884,DDE_RY,1544
883,DDE_RW,1544
882,DDE_RV,1544
881,DDE_RT,1544
880,DDE_RS,1544
878,DDE_RQ,1544
876,DDE_RN,1544
875,DDE_RM,1544
874,DDE_RL,1544
890,DDE_SG,1544
871,DDE_RH,1544
868,DDE_RE,1544
867,DDE_RD,1544
866,DDE_RC,1544
865,DDE_RA,1544
864,DDE_QY,1544
863,DDE_QW,1544
862,DDE_QV,1544
861,DDE_QT,1544
860,DDE_QS,1544
859,DDE_QR,1544
858,DDE_QQ,1544
857,DDE_QP,1544
856,DDE_QN,1544
855,DDE_QM,1544
869,DDE_RF,1544
926,DDE_VC,1544
891,DDE_SH,1544
893,DDE_SK,1544
923,DDE_TW,1544
922,DDE_TV,1544
921,DDE_TT,1544
920,DDE_TS,1544
919,DDE_TR,1544
918,DDE_TQ,1544
917,DDE_TP,1544
916,DDE_TN,1544
915,DDE_TM,1544
914,DDE_TL,1544
913,DDE_TK,1544
912,DDE_TI,1544
911,DDE_TH,1544
910,DDE_TG,1544
892,DDE_SI,1544
909,DDE_TF,1544
907,DDE_TD,1544
906,DDE_TC,1544
905,DDE_TA,1544
904,DDE_SY,1544
903,DDE_SW,1544
902,DDE_SV,1544
901,DDE_ST,1544
900,DDE_SS,1544
899,DDE_SR,1544
898,DDE_SQ,1544
897,DDE_SP,1544
896,DDE_SN,1544
895,DDE_SM,1544
894,DDE_SL,1544
908,DDE_TE,1544
998,DPC_CA,1544
999,DPC_CG,1544
1000,DPC_CK,1544
1099,DPC_PV,1544
1098,DPC_PT,1544
1097,DPC_PS,1544
1096,DPC_PR,1544
1095,DPC_PP,1544
1094,DPC_PL,1544
1093,DPC_PK,1544
1092,DPC_PI,1544
1091,DPC_PG,1544
1090,DPC_PF,1544
1089,DPC_PE,1544
1088,DPC_PA,1544
1087,DPC_NS,1544
1086,DPC_NR,1544
1100,DPC_PW,1544
1085,DPC_NL,1544
1083,DPC_NF,1544
1082,DPC_NA,1544
1081,DPC_MR,1544
1080,DPC_LV,1544
1079,DPC_LT,1544
1078,DPC_LS,1544
1077,DPC_LR,1544
1076,DPC_LQ,1544
1075,DPC_LP,1544
1074,DPC_LN,1544
1073,DPC_LM,1544
1072,DPC_LL,1544
1071,DPC_LK,1544
1070,DPC_LI,1544
1084,DPC_NG,1544
1069,DPC_LG,1544
1101,DPC_PY,1544
1103,DPC_QG,1544
1133,DPC_SV,1544
1132,DPC_ST,1544
1131,DPC_SS,1544
1130,DPC_SR,1544
1129,DPC_SP,1544
1128,DPC_SL,1544
1127,DPC_SK,1544
1126,DPC_SI,1544
1125,DPC_SG,1544
1124,DPC_SF,1544
1123,DPC_SD,1544
1122,DPC_SA,1544
1121,DPC_RV,1544
1120,DPC_RT,1544
1102,DPC_QD,1544
1119,DPC_RS,1544
1117,DPC_RQ,1544
1116,DPC_RP,1544
1115,DPC_RN,1544
1114,DPC_RL,1544
1113,DPC_RK,1544
1112,DPC_RI,1544
1111,DPC_RG,1544
1110,DPC_RF,1544
1109,DPC_RC,1544
1108,DPC_RA,1544
1107,DPC_QS,1544
1106,DPC_QR,1544
1105,DPC_QQ,1544
1104,DPC_QP,1544
1118,DPC_RR,1544
1068,DPC_LF,1544
1067,DPC_LD,1544
1066,DPC_LA,1544
1030,DPC_GC,1544
1029,DPC_GA,1544
1028,DPC_FV,1544
1027,DPC_FT,1544
1026,DPC_FS,1544
1025,DPC_FR,1544
1024,DPC_FP,1544
1023,DPC_FL,1544
1022,DPC_FK,1544
1021,DPC_FG,1544
1020,DPC_FF,1544
1019,DPC_FC,1544
1018,DPC_EV,1544
1017,DPC_ES,1544
1031,DPC_GE,1544
1016,DPC_EN,1544
1014,DPC_EK,1544
1013,DPC_EE,1544
1012,DPC_ED,1544
1011,DPC_DV,1544
1010,DPC_DS,1544
1009,DPC_DP,1544
1008,DPC_DL,1544
1007,DPC_DG,1544
1006,DPC_DF,1544
1005,DPC_DA,1544
1004,DPC_CY,1544
1003,DPC_CT,1544
1002,DPC_CS,1544
1001,DPC_CP,1544
1015,DPC_EL,1544
1032,DPC_GF,1544
1033,DPC_GG,1544
1034,DPC_GI,1544
1065,DPC_KV,1544
1064,DPC_KT,1544
1063,DPC_KR,1544
1062,DPC_KP,1544
1061,DPC_KN,1544
1060,DPC_KL,1544
1059,DPC_KK,1544
1058,DPC_KI,1544
1057,DPC_KG,1544
1056,DPC_KE,1544
1055,DPC_KC,1544
1054,DPC_KA,1544
1053,DPC_IS,1544
1052,DPC_IR,1544
1051,DPC_IP,1544
1050,DPC_IL,1544
1049,DPC_IK,1544
1035,DPC_GK,1544
1036,DPC_GL,1544
1037,DPC_GM,1544
1038,DPC_GP,1544
1039,DPC_GR,1544
1040,DPC_GS,1544
1135,DPC_TA,1544
1041,DPC_GT,1544
1043,DPC_GY,1544
1044,DPC_HS,1544
1045,DPC_IA,1544
1046,DPC_IC,1544
1047,DPC_IG,1544
1048,DPC_II,1544
1042,DPC_GV,1544
2519,OVP_Imino_acid_C4,1544
